DROP DATABASE IF EXISTS vk;
CREATE DATABASE vk;
USE vk;

-- MariaDB dump 10.19  Distrib 10.5.12-MariaDB, for Linux (x86_64)
--
-- Host: mysql.hostinger.ro    Database: u574849695_25
-- ------------------------------------------------------
-- Server version	10.5.12-MariaDB-cll-lve

/*!40101 SET @OLD_CHARACTER_SET_CLIENT=@@CHARACTER_SET_CLIENT */;
/*!40101 SET @OLD_CHARACTER_SET_RESULTS=@@CHARACTER_SET_RESULTS */;
/*!40101 SET @OLD_COLLATION_CONNECTION=@@COLLATION_CONNECTION */;
/*!40101 SET NAMES utf8mb4 */;
/*!40103 SET @OLD_TIME_ZONE=@@TIME_ZONE */;
/*!40103 SET TIME_ZONE='+00:00' */;
/*!40014 SET @OLD_UNIQUE_CHECKS=@@UNIQUE_CHECKS, UNIQUE_CHECKS=0 */;
/*!40014 SET @OLD_FOREIGN_KEY_CHECKS=@@FOREIGN_KEY_CHECKS, FOREIGN_KEY_CHECKS=0 */;
/*!40101 SET @OLD_SQL_MODE=@@SQL_MODE, SQL_MODE='NO_AUTO_VALUE_ON_ZERO' */;
/*!40111 SET @OLD_SQL_NOTES=@@SQL_NOTES, SQL_NOTES=0 */;

--
-- Table structure for table `communities`
--

DROP TABLE IF EXISTS `communities`;
/*!40101 SET @saved_cs_client     = @@character_set_client */;
/*!40101 SET character_set_client = utf8 */;
CREATE TABLE `communities` (
  `id` bigint(20) unsigned NOT NULL AUTO_INCREMENT,
  `name` varchar(150) COLLATE utf8mb4_unicode_ci DEFAULT NULL,
  `admin_user_id` bigint(20) unsigned DEFAULT NULL,
  PRIMARY KEY (`id`),
  KEY `communities_name_idx` (`name`),
  KEY `admin_user_id` (`admin_user_id`),
  CONSTRAINT `communities_ibfk_1` FOREIGN KEY (`admin_user_id`) REFERENCES `users` (`id`) ON DELETE SET NULL ON UPDATE CASCADE
) ENGINE=InnoDB AUTO_INCREMENT=101 DEFAULT CHARSET=utf8mb4 COLLATE=utf8mb4_unicode_ci;
/*!40101 SET character_set_client = @saved_cs_client */;

--
-- Dumping data for table `communities`
--

LOCK TABLES `communities` WRITE;
/*!40000 ALTER TABLE `communities` DISABLE KEYS */;
INSERT INTO `communities` VALUES (1,'Социальные',1),(2,'Классическая музыка',2),(3,'Социальные',3),(4,'Авто',4),(5,'Социальные',5),(6,'Классическая музыка',6),(7,'Ремонт',7),(8,'Авто',8),(9,'Недвижимость',9),(10,'Недвижимость',10),(11,'Недвижимость',11),(12,'Экстрим',12),(13,'Работа',13),(14,'Классическая музыка',14),(15,'Спорт',15),(16,'Ремонт',16),(17,'Ремонт',17),(18,'Работа',18),(19,'Работа',19),(20,'Ремонт',20),(21,'Недвижимость',21),(22,'Авто',22),(23,'Экстрим',23),(24,'Социальные',24),(25,'Ремонт',25),(26,'Работа',26),(27,'Литература',27),(28,'Социальные',28),(29,'Недвижимость',29),(30,'Классическая музыка',30),(31,'Социальные',31),(32,'Экстрим',32),(33,'Авто',33),(34,'Ремонт',34),(35,'Авто',35),(36,'Литература',36),(37,'Литература',37),(38,'Недвижимость',38),(39,'Работа',39),(40,'Авто',40),(41,'Социальные',41),(42,'Социальные',42),(43,'Литература',43),(44,'Работа',44),(45,'Авто',45),(46,'Ремонт',46),(47,'Экстрим',47),(48,'Социальные',48),(49,'Литература',49),(50,'Спорт',50),(51,'Социальные',51),(52,'Экстрим',52),(53,'Классическая музыка',53),(54,'Работа',54),(55,'Социальные',55),(56,'Экстрим',56),(57,'Спорт',57),(58,'Авто',58),(59,'Работа',59),(60,'Ремонт',60),(61,'Социальные',61),(62,'Социальные',62),(63,'Авто',63),(64,'Авто',64),(65,'Экстрим',65),(66,'Экстрим',66),(67,'Авто',67),(68,'Литература',68),(69,'Классическая музыка',69),(70,'Социальные',70),(71,'Авто',71),(72,'Классическая музыка',72),(73,'Классическая музыка',73),(74,'Социальные',74),(75,'Ремонт',75),(76,'Спорт',76),(77,'Ремонт',77),(78,'Экстрим',78),(79,'Авто',79),(80,'Литература',80),(81,'Ремонт',81),(82,'Недвижимость',82),(83,'Классическая музыка',83),(84,'Литература',84),(85,'Спорт',85),(86,'Классическая музыка',86),(87,'Авто',87),(88,'Спорт',88),(89,'Спорт',89),(90,'Социальные',90),(91,'Спорт',91),(92,'Недвижимость',92),(93,'Работа',93),(94,'Недвижимость',94),(95,'Спорт',95),(96,'Литература',96),(97,'Экстрим',97),(98,'Работа',98),(99,'Авто',99),(100,'Экстрим',100);
/*!40000 ALTER TABLE `communities` ENABLE KEYS */;
UNLOCK TABLES;

--
-- Table structure for table `friend_requests`
--

DROP TABLE IF EXISTS `friend_requests`;
/*!40101 SET @saved_cs_client     = @@character_set_client */;
/*!40101 SET character_set_client = utf8 */;
CREATE TABLE `friend_requests` (
  `initiator_user_id` bigint(20) unsigned NOT NULL,
  `target_user_id` bigint(20) unsigned NOT NULL,
  `status` enum('requested','approved','declined','unfriended') COLLATE utf8mb4_unicode_ci DEFAULT NULL,
  `requested_at` datetime DEFAULT current_timestamp(),
  `updated_at` datetime DEFAULT NULL ON UPDATE current_timestamp(),
  PRIMARY KEY (`initiator_user_id`,`target_user_id`),
  KEY `target_user_id` (`target_user_id`),
  CONSTRAINT `friend_requests_ibfk_1` FOREIGN KEY (`initiator_user_id`) REFERENCES `users` (`id`) ON DELETE CASCADE ON UPDATE CASCADE,
  CONSTRAINT `friend_requests_ibfk_2` FOREIGN KEY (`target_user_id`) REFERENCES `users` (`id`) ON DELETE CASCADE ON UPDATE CASCADE
) ENGINE=InnoDB DEFAULT CHARSET=utf8mb4 COLLATE=utf8mb4_unicode_ci;
/*!40101 SET character_set_client = @saved_cs_client */;

--
-- Dumping data for table `friend_requests`
--

LOCK TABLES `friend_requests` WRITE;
/*!40000 ALTER TABLE `friend_requests` DISABLE KEYS */;
INSERT INTO `friend_requests` VALUES (1,1,'unfriended','1997-10-14 14:50:11','1980-02-03 04:51:29'),(2,2,'unfriended','1970-04-01 16:34:28','1983-11-05 03:14:40'),(3,3,'requested','2003-06-06 04:01:54','2016-03-18 08:16:01'),(4,4,'unfriended','1984-05-12 00:25:21','1996-11-16 08:26:10'),(5,5,'requested','1971-03-02 12:48:11','2008-05-26 02:54:52'),(6,6,'requested','2005-04-18 21:07:10','1982-12-28 15:00:59'),(7,7,'approved','1984-04-07 04:25:49','1980-09-21 16:10:13'),(8,8,'declined','2015-01-12 18:10:32','1974-09-20 16:17:47'),(9,9,'unfriended','1997-01-29 20:37:28','1975-10-07 16:00:19'),(10,10,'declined','2005-03-30 13:51:15','1981-01-04 04:56:07'),(11,11,'approved','1970-12-31 03:49:35','1998-12-27 04:41:48'),(12,12,'unfriended','2002-01-10 22:48:47','1981-09-11 21:09:57'),(13,13,'unfriended','2016-02-24 10:27:15','1992-08-05 15:39:40'),(14,14,'approved','1972-08-17 08:22:05','2012-06-19 08:57:12'),(15,15,'unfriended','2016-06-22 06:30:46','2002-08-31 01:52:52'),(16,16,'unfriended','1979-10-22 03:33:40','2018-05-18 17:09:01'),(17,17,'unfriended','2004-12-16 12:04:58','1980-10-07 15:32:33'),(18,18,'declined','2015-01-11 16:32:02','1998-09-22 18:52:01'),(19,19,'approved','2001-06-18 09:34:58','2010-09-10 05:57:06'),(20,20,'requested','1989-02-02 05:54:55','1992-03-29 20:38:56'),(21,21,'requested','2003-07-16 13:35:44','1977-07-17 16:16:23'),(22,22,'unfriended','2017-07-09 20:46:04','1975-07-24 13:14:48'),(23,23,'requested','2014-01-23 03:52:52','2015-09-05 11:39:11'),(24,24,'declined','1982-11-14 06:58:54','2011-06-12 09:38:56'),(25,25,'declined','2000-08-24 14:37:47','1982-01-10 14:28:22'),(26,26,'requested','1999-08-02 21:31:47','2004-07-31 09:51:09'),(27,27,'declined','1972-08-17 05:36:20','1986-02-12 23:38:04'),(28,28,'approved','1999-10-27 02:20:49','1971-10-04 02:25:38'),(29,29,'unfriended','1998-07-18 08:36:18','2016-04-17 01:56:29'),(30,30,'approved','1987-01-19 08:45:54','1994-05-08 18:50:32'),(31,31,'declined','1999-10-01 05:01:27','2007-03-21 16:54:34'),(32,32,'unfriended','1990-02-05 10:43:46','1979-08-22 07:24:17'),(33,33,'unfriended','1978-02-14 00:45:06','1976-02-02 06:04:05'),(34,34,'approved','1984-06-14 12:04:59','2000-07-17 18:01:43'),(35,35,'requested','1985-12-06 20:18:24','2020-11-25 16:10:45'),(36,36,'declined','1994-07-02 17:28:17','2006-09-15 13:37:55'),(37,37,'unfriended','2017-01-06 23:14:57','1987-03-29 17:42:03'),(38,38,'requested','1998-06-03 00:06:54','2006-11-19 06:54:16'),(39,39,'unfriended','2019-01-18 22:36:57','2004-10-18 13:46:54'),(40,40,'unfriended','1979-08-18 00:06:53','2021-03-06 23:00:15'),(41,41,'approved','1973-10-11 00:31:52','1974-07-17 15:11:08'),(42,42,'approved','2014-04-26 10:00:22','2004-03-19 15:07:08'),(43,43,'declined','2021-02-26 06:59:55','1992-01-31 13:42:12'),(44,44,'requested','1987-08-27 06:32:21','2005-01-22 16:16:25'),(45,45,'requested','2021-07-20 03:44:46','2018-08-20 20:53:14'),(46,46,'requested','2021-01-05 03:08:15','1981-07-18 08:01:11'),(47,47,'declined','1973-12-28 06:54:36','1990-12-21 20:14:09'),(48,48,'unfriended','1999-04-26 00:21:31','1977-10-24 05:21:57'),(49,49,'declined','1991-09-07 21:11:34','1996-10-04 21:35:08'),(50,50,'unfriended','1975-01-22 15:35:47','1987-11-02 18:46:35'),(51,51,'unfriended','1973-09-11 23:42:02','2013-11-26 13:23:02'),(52,52,'declined','2020-08-22 14:29:31','1997-01-02 05:29:34'),(53,53,'unfriended','2013-12-04 07:00:10','2012-12-08 04:03:56'),(54,54,'approved','2019-09-17 21:19:25','1978-12-23 11:43:22'),(55,55,'declined','2008-05-03 21:24:46','2021-09-13 13:09:04'),(56,56,'declined','2007-12-07 01:24:37','1978-11-17 10:01:26'),(57,57,'approved','2006-07-13 08:13:58','1975-01-07 14:08:45'),(58,58,'requested','2006-12-18 03:29:48','1995-07-21 06:58:02'),(59,59,'approved','1988-06-25 01:30:29','1976-06-19 23:14:17'),(60,60,'requested','2012-01-03 18:31:50','1996-03-23 07:18:38'),(61,61,'unfriended','2016-10-13 21:49:40','1986-04-07 18:23:00'),(62,62,'unfriended','2008-10-31 04:31:44','2019-09-12 06:05:58'),(63,63,'requested','1992-07-23 21:23:42','1984-03-24 02:19:06'),(64,64,'declined','1974-03-03 19:29:44','2020-11-27 00:38:59'),(65,65,'approved','1984-04-16 10:54:27','1991-11-11 18:16:29'),(66,66,'approved','2011-09-03 05:43:21','1991-12-28 21:17:10'),(67,67,'declined','1992-09-27 18:12:58','1975-10-29 17:52:05'),(68,68,'approved','1989-12-18 00:22:04','1986-10-02 19:58:16'),(69,69,'declined','2010-06-12 22:35:33','1995-01-20 20:53:05'),(70,70,'unfriended','1973-07-25 01:48:04','1980-01-22 04:56:13'),(71,71,'unfriended','1992-08-24 11:23:21','1975-10-19 04:13:17'),(72,72,'declined','1975-09-25 01:01:32','2011-08-12 14:38:22'),(73,73,'approved','2021-09-16 05:12:40','1994-02-23 07:37:11'),(74,74,'declined','1988-02-22 17:50:14','2004-09-21 12:34:30'),(75,75,'unfriended','2005-05-22 14:35:56','2008-12-18 02:25:34'),(76,76,'requested','1983-06-03 07:50:11','2015-06-13 05:48:59'),(77,77,'declined','2000-06-14 20:21:23','1991-03-15 04:31:03'),(78,78,'declined','1996-11-06 13:01:39','2016-06-10 21:11:14'),(79,79,'requested','1999-02-27 07:16:47','2014-10-11 19:39:22'),(80,80,'unfriended','1986-05-15 00:25:53','1981-10-22 21:54:24'),(81,81,'requested','2013-02-17 23:48:09','1972-05-31 01:39:07'),(82,82,'unfriended','1985-10-03 20:12:14','2015-11-28 13:15:45'),(83,83,'unfriended','2001-08-17 11:56:52','2001-08-15 09:07:25'),(84,84,'declined','2012-01-15 08:33:38','2001-03-18 23:41:46'),(85,85,'approved','1976-11-06 21:12:26','1997-09-28 18:30:18'),(86,86,'declined','1986-10-02 17:17:56','1988-08-05 22:59:33'),(87,87,'requested','2021-12-11 13:38:43','1976-07-01 02:44:58'),(88,88,'declined','1976-11-03 17:57:59','1983-01-17 04:59:01'),(89,89,'approved','1973-08-25 12:25:48','1982-11-27 03:12:10'),(90,90,'declined','2010-07-19 11:17:33','2020-11-19 10:08:19'),(91,91,'requested','1984-10-12 15:27:14','2003-05-11 21:17:29'),(92,92,'declined','2002-09-29 12:28:08','1986-10-24 18:05:11'),(93,93,'unfriended','2011-01-14 17:02:55','1975-07-24 23:38:44'),(94,94,'requested','2014-03-28 07:53:27','1995-09-03 12:20:12'),(95,95,'approved','2002-09-01 18:09:45','1980-06-25 04:05:15'),(96,96,'approved','1983-12-13 10:42:01','1984-12-24 23:56:42'),(97,97,'approved','2007-04-28 12:24:10','1977-11-24 05:46:53'),(98,98,'requested','1999-07-27 14:29:48','1984-07-18 04:05:54'),(99,99,'unfriended','1985-01-12 15:59:34','1999-01-12 08:29:53'),(100,100,'unfriended','1990-01-23 09:58:52','2003-03-29 01:30:40');
/*!40000 ALTER TABLE `friend_requests` ENABLE KEYS */;
UNLOCK TABLES;

--
-- Table structure for table `hobby`
--

DROP TABLE IF EXISTS `hobby`;
/*!40101 SET @saved_cs_client     = @@character_set_client */;
/*!40101 SET character_set_client = utf8 */;
CREATE TABLE `hobby` (
  `id` bigint(20) unsigned NOT NULL AUTO_INCREMENT,
  `type_hobby` varchar(100) COLLATE utf8mb4_unicode_ci NOT NULL COMMENT 'нОВЫЙ КОММЕНТ',
  `progress` varchar(100) COLLATE utf8mb4_unicode_ci NOT NULL,
  `period_from` date DEFAULT NULL,
  PRIMARY KEY (`id`)
) ENGINE=InnoDB AUTO_INCREMENT=101 DEFAULT CHARSET=utf8mb4 COLLATE=utf8mb4_unicode_ci;
/*!40101 SET character_set_client = @saved_cs_client */;

--
-- Dumping data for table `hobby`
--

LOCK TABLES `hobby` WRITE;
/*!40000 ALTER TABLE `hobby` DISABLE KEYS */;
INSERT INTO `hobby` VALUES (1,'Фигурное катание','Планирую начать','1985-11-04'),(2,'Иностранные языки','Занимаюсь','2020-06-27'),(3,'Прыжки в воду','Бросил','1996-07-10'),(4,'Тхэквондо','Бросил','1994-01-02'),(5,'Прыжки в воду','Планирую начать','1976-04-16'),(6,'Скалолазанье','Занимаюсь','2007-07-02'),(7,'Картинг','Увлекался','1990-11-01'),(8,'Тяжелая атлетика','Бросил','1970-12-13'),(9,'Тяжелая атлетика','Занимаюсь','1987-12-26'),(10,'Гитара','Планирую начать','1993-07-22'),(11,'Тхэквондо','Бросил','2001-07-23'),(12,'Ролики','Планирую начать','2021-09-24'),(13,'Гитара','Занимаюсь','1982-06-24'),(14,'Фигурное катание','Занимаюсь','2007-02-06'),(15,'Тяжелая атлетика','Планирую начать','1997-12-16'),(16,'Бокс','Бросил','1981-05-05'),(17,'Воркаут','Занимаюсь','1974-02-02'),(18,' Театральное искусство','Занимаюсь','1982-03-01'),(19,'Скалолазанье','Занимаюсь','1977-08-26'),(20,'Фехтование','Планирую начать','1993-05-03'),(21,'Скалолазанье','Планирую начать','2000-06-25'),(22,'Фехтование','Бросил','1972-07-27'),(23,'Прыжки в воду','Увлекался','1990-07-21'),(24,'Гитара','Планирую начать','1986-12-21'),(25,'Тхэквондо','Занимаюсь','2017-01-23'),(26,'Картинг','Планирую начать','1987-08-31'),(27,'Бокс','Увлекался','2017-08-26'),(28,'Тхэквондо','Планирую начать','1971-04-02'),(29,'Ролики','Увлекался','2012-01-03'),(30,'Ролики','Занимаюсь','2012-03-03'),(31,'Бокс','Планирую начать','2000-09-14'),(32,'Иностранные языки','Занимаюсь','2009-02-21'),(33,'Картинг','Бросил','2017-09-16'),(34,'Фехтование','Бросил','1980-01-04'),(35,'Бокс','Бросил','1980-08-13'),(36,'Ролики','Занимаюсь','2016-11-21'),(37,'Прыжки в воду','Планирую начать','1995-06-07'),(38,'Бокс','Бросил','1997-10-26'),(39,'Тхэквондо','Увлекался','2018-11-25'),(40,'Тхэквондо','Занимаюсь','1975-09-21'),(41,'Прыжки в воду','Занимаюсь','1971-01-14'),(42,' Театральное искусство','Увлекался','1999-10-13'),(43,'Картинг','Бросил','2007-07-26'),(44,'Ролики','Увлекался','1992-08-18'),(45,'Бег','Бросил','1987-06-10'),(46,'Прыжки в воду','Планирую начать','2014-12-02'),(47,'Воркаут','Увлекался','2008-05-15'),(48,'Тяжелая атлетика','Занимаюсь','1976-05-13'),(49,'Прыжки в воду','Бросил','1997-01-03'),(50,'Скалолазанье','Бросил','1974-12-01'),(51,'Гитара','Бросил','1982-09-11'),(52,'Картинг','Увлекался','2003-07-15'),(53,'Дзюдо','Планирую начать','1987-03-13'),(54,'Дзюдо','Занимаюсь','1982-07-09'),(55,'Воркаут','Бросил','1990-04-20'),(56,'Скалолазанье','Бросил','2017-10-10'),(57,'Фехтование','Занимаюсь','2000-10-17'),(58,'Фигурное катание','Бросил','1998-07-03'),(59,'Скрипка','Занимаюсь','2000-02-02'),(60,' Театральное искусство','Бросил','1980-07-30'),(61,'Бокс','Занимаюсь','1980-11-12'),(62,'Тхэквондо','Планирую начать','1974-12-20'),(63,'Гитара','Занимаюсь','2004-09-14'),(64,'Гитара','Занимаюсь','1998-01-10'),(65,'Бокс','Планирую начать','2019-07-11'),(66,'Прыжки в воду','Занимаюсь','1974-01-22'),(67,'Прыжки в воду','Планирую начать','1984-12-26'),(68,'Дзюдо','Планирую начать','1976-02-20'),(69,'Картинг','Планирую начать','2020-09-17'),(70,'Бокс','Увлекался','1985-08-17'),(71,'Бокс','Бросил','1981-02-17'),(72,'Тхэквондо','Бросил','2005-01-16'),(73,'Тхэквондо','Занимаюсь','1997-10-26'),(74,'Фигурное катание','Занимаюсь','2005-06-26'),(75,' Театральное искусство','Бросил','2003-09-07'),(76,'Тяжелая атлетика','Увлекался','2003-05-18'),(77,'Картинг','Планирую начать','2013-06-20'),(78,'Прыжки в воду','Увлекался','1980-06-30'),(79,'Воркаут','Планирую начать','2009-01-12'),(80,'Ролики','Увлекался','1984-09-22'),(81,'Бокс','Планирую начать','2002-11-05'),(82,'Тхэквондо','Занимаюсь','2009-09-13'),(83,'Фигурное катание','Занимаюсь','1986-12-04'),(84,'Бокс','Увлекался','1976-07-22'),(85,' Театральное искусство','Занимаюсь','1988-01-22'),(86,'Прыжки в воду','Увлекался','1982-08-06'),(87,'Фехтование','Бросил','1983-02-23'),(88,'Бег','Увлекался','1999-09-02'),(89,'Гитара','Занимаюсь','2012-10-12'),(90,'Тяжелая атлетика','Планирую начать','2004-05-08'),(91,'Тхэквондо','Занимаюсь','1978-12-02'),(92,'Фигурное катание','Увлекался','2012-01-24'),(93,'Скрипка','Занимаюсь','1978-12-07'),(94,'Скалолазанье','Увлекался','2020-06-11'),(95,'Скрипка','Увлекался','1987-02-16'),(96,'Фехтование','Бросил','1981-11-15'),(97,' Театральное искусство','Увлекался','1982-04-01'),(98,' Театральное искусство','Планирую начать','2000-09-26'),(99,'Скрипка','Занимаюсь','2013-01-06'),(100,'Скрипка','Планирую начать','1990-07-18');
/*!40000 ALTER TABLE `hobby` ENABLE KEYS */;
UNLOCK TABLES;

--
-- Table structure for table `hobby_users`
--

DROP TABLE IF EXISTS `hobby_users`;
/*!40101 SET @saved_cs_client     = @@character_set_client */;
/*!40101 SET character_set_client = utf8 */;
CREATE TABLE `hobby_users` (
  `hobby_id` bigint(20) unsigned NOT NULL,
  `user_id` bigint(20) unsigned NOT NULL,
  PRIMARY KEY (`hobby_id`,`user_id`),
  KEY `user_id` (`user_id`),
  CONSTRAINT `hobby_users_ibfk_1` FOREIGN KEY (`hobby_id`) REFERENCES `hobby` (`id`) ON DELETE CASCADE ON UPDATE CASCADE,
  CONSTRAINT `hobby_users_ibfk_2` FOREIGN KEY (`user_id`) REFERENCES `users` (`id`) ON DELETE CASCADE ON UPDATE CASCADE
) ENGINE=InnoDB DEFAULT CHARSET=utf8mb4 COLLATE=utf8mb4_unicode_ci;
/*!40101 SET character_set_client = @saved_cs_client */;

--
-- Dumping data for table `hobby_users`
--

LOCK TABLES `hobby_users` WRITE;
/*!40000 ALTER TABLE `hobby_users` DISABLE KEYS */;
INSERT INTO `hobby_users` VALUES (1,1),(2,2),(3,3),(4,4),(5,5),(6,6),(7,7),(8,8),(9,9),(10,10),(11,11),(12,12),(13,13),(14,14),(15,15),(16,16),(17,17),(18,18),(19,19),(20,20),(21,21),(22,22),(23,23),(24,24),(25,25),(26,26),(27,27),(28,28),(29,29),(30,30),(31,31),(32,32),(33,33),(34,34),(35,35),(36,36),(37,37),(38,38),(39,39),(40,40),(41,41),(42,42),(43,43),(44,44),(45,45),(46,46),(47,47),(48,48),(49,49),(50,50),(51,51),(52,52),(53,53),(54,54),(55,55),(56,56),(57,57),(58,58),(59,59),(60,60),(61,61),(62,62),(63,63),(64,64),(65,65),(66,66),(67,67),(68,68),(69,69),(70,70),(71,71),(72,72),(73,73),(74,74),(75,75),(76,76),(77,77),(78,78),(79,79),(80,80),(81,81),(82,82),(83,83),(84,84),(85,85),(86,86),(87,87),(88,88),(89,89),(90,90),(91,91),(92,92),(93,93),(94,94),(95,95),(96,96),(97,97),(98,98),(99,99),(100,100);
/*!40000 ALTER TABLE `hobby_users` ENABLE KEYS */;
UNLOCK TABLES;

--
-- Table structure for table `likes`
--

DROP TABLE IF EXISTS `likes`;
/*!40101 SET @saved_cs_client     = @@character_set_client */;
/*!40101 SET character_set_client = utf8 */;
CREATE TABLE `likes` (
  `id` bigint(20) unsigned NOT NULL AUTO_INCREMENT,
  `user_id` bigint(20) unsigned NOT NULL,
  `media_id` bigint(20) unsigned NOT NULL,
  `created_at` datetime DEFAULT current_timestamp(),
  PRIMARY KEY (`id`),
  KEY `user_id` (`user_id`),
  KEY `media_id` (`media_id`),
  CONSTRAINT `likes_ibfk_1` FOREIGN KEY (`user_id`) REFERENCES `users` (`id`) ON DELETE CASCADE ON UPDATE CASCADE,
  CONSTRAINT `likes_ibfk_2` FOREIGN KEY (`media_id`) REFERENCES `media` (`id`) ON DELETE CASCADE ON UPDATE CASCADE
) ENGINE=InnoDB AUTO_INCREMENT=101 DEFAULT CHARSET=utf8mb4 COLLATE=utf8mb4_unicode_ci;
/*!40101 SET character_set_client = @saved_cs_client */;

--
-- Dumping data for table `likes`
--

LOCK TABLES `likes` WRITE;
/*!40000 ALTER TABLE `likes` DISABLE KEYS */;
INSERT INTO `likes` VALUES (1,1,1,'1995-02-23 21:30:27'),(2,2,2,'2009-07-18 22:33:43'),(3,3,3,'1970-06-26 16:46:36'),(4,4,4,'2021-09-24 22:48:11'),(5,5,5,'2007-01-28 00:00:58'),(6,6,6,'2008-09-01 11:23:35'),(7,7,7,'1995-04-23 23:59:28'),(8,8,8,'2007-11-17 07:58:12'),(9,9,9,'1996-01-11 04:12:01'),(10,10,10,'1974-03-04 23:18:00'),(11,11,11,'1995-12-01 05:38:54'),(12,12,12,'2009-05-08 16:15:59'),(13,13,13,'1975-04-03 21:42:44'),(14,14,14,'1975-02-16 02:07:37'),(15,15,15,'1980-10-20 10:52:49'),(16,16,16,'2017-06-09 10:54:17'),(17,17,17,'1977-10-01 22:43:35'),(18,18,18,'1971-11-13 11:13:44'),(19,19,19,'1990-03-12 20:15:51'),(20,20,20,'1987-09-17 00:01:06'),(21,21,21,'1974-04-17 08:43:59'),(22,22,22,'2007-04-20 02:51:26'),(23,23,23,'1989-02-04 06:23:01'),(24,24,24,'1981-10-16 21:19:45'),(25,25,25,'2010-03-02 12:20:43'),(26,26,26,'1970-10-10 21:58:37'),(27,27,27,'1988-03-08 19:55:55'),(28,28,28,'2006-01-09 17:13:59'),(29,29,29,'1983-03-01 07:16:52'),(30,30,30,'2006-04-21 08:20:04'),(31,31,31,'2013-09-15 20:48:23'),(32,32,32,'1971-08-08 14:27:35'),(33,33,33,'1999-12-17 12:57:50'),(34,34,34,'2010-04-25 00:19:26'),(35,35,35,'1998-04-28 07:48:49'),(36,36,36,'2010-11-21 19:19:01'),(37,37,37,'2002-07-10 15:37:33'),(38,38,38,'1971-06-23 04:22:43'),(39,39,39,'2002-04-21 03:12:24'),(40,40,40,'1996-10-14 16:33:39'),(41,41,41,'1993-06-03 04:40:17'),(42,42,42,'1985-11-17 09:45:44'),(43,43,43,'1982-12-14 00:42:50'),(44,44,44,'2004-09-19 08:37:48'),(45,45,45,'2009-03-24 05:10:29'),(46,46,46,'2018-07-25 19:58:59'),(47,47,47,'1984-11-19 18:16:58'),(48,48,48,'1989-10-19 08:28:58'),(49,49,49,'2006-09-11 12:41:07'),(50,50,50,'2004-07-26 11:21:50'),(51,51,51,'2011-12-12 23:39:01'),(52,52,52,'1993-05-21 18:31:01'),(53,53,53,'1984-01-23 23:34:07'),(54,54,54,'2005-12-16 02:51:04'),(55,55,55,'1999-06-22 18:27:56'),(56,56,56,'2019-12-06 20:06:39'),(57,57,57,'2010-12-09 21:42:49'),(58,58,58,'1993-12-15 09:53:52'),(59,59,59,'2006-11-21 07:19:37'),(60,60,60,'1998-08-22 18:20:00'),(61,61,61,'1996-11-29 06:22:33'),(62,62,62,'2017-06-17 06:17:05'),(63,63,63,'1973-08-26 11:52:56'),(64,64,64,'2009-07-27 23:36:02'),(65,65,65,'1975-01-16 11:07:42'),(66,66,66,'1973-01-09 13:03:13'),(67,67,67,'1971-10-20 19:33:57'),(68,68,68,'1972-09-09 02:19:12'),(69,69,69,'1995-10-26 14:48:26'),(70,70,70,'2015-09-07 19:10:36'),(71,71,71,'2004-11-01 07:01:12'),(72,72,72,'1978-12-27 18:42:07'),(73,73,73,'1974-03-12 00:48:12'),(74,74,74,'2011-01-19 09:23:34'),(75,75,75,'1992-08-13 23:37:50'),(76,76,76,'2005-12-01 14:42:29'),(77,77,77,'2012-10-26 19:52:14'),(78,78,78,'1991-05-16 13:58:35'),(79,79,79,'2012-09-12 15:05:45'),(80,80,80,'1976-09-20 10:24:11'),(81,81,81,'2011-04-03 00:01:43'),(82,82,82,'2015-08-28 00:04:18'),(83,83,83,'2013-09-29 00:41:05'),(84,84,84,'1986-02-24 20:30:20'),(85,85,85,'2019-04-06 10:02:27'),(86,86,86,'1982-07-15 10:12:20'),(87,87,87,'2015-01-25 03:50:41'),(88,88,88,'1987-09-24 15:36:43'),(89,89,89,'1979-08-04 04:32:15'),(90,90,90,'1985-09-14 09:40:52'),(91,91,91,'1970-05-27 06:28:18'),(92,92,92,'2013-10-26 14:47:12'),(93,93,93,'1995-11-08 19:43:33'),(94,94,94,'2011-07-13 01:40:19'),(95,95,95,'1986-10-13 09:07:07'),(96,96,96,'2016-10-13 11:01:17'),(97,97,97,'1993-03-19 13:42:26'),(98,98,98,'1981-04-08 01:52:52'),(99,99,99,'1993-06-08 15:12:10'),(100,100,100,'2009-08-01 01:42:49');
/*!40000 ALTER TABLE `likes` ENABLE KEYS */;
UNLOCK TABLES;

--
-- Table structure for table `media`
--

DROP TABLE IF EXISTS `media`;
/*!40101 SET @saved_cs_client     = @@character_set_client */;
/*!40101 SET character_set_client = utf8 */;
CREATE TABLE `media` (
  `id` bigint(20) unsigned NOT NULL AUTO_INCREMENT,
  `media_type_id` bigint(20) unsigned DEFAULT NULL,
  `user_id` bigint(20) unsigned NOT NULL,
  `body` text COLLATE utf8mb4_unicode_ci DEFAULT NULL,
  `filename` varchar(255) COLLATE utf8mb4_unicode_ci DEFAULT NULL,
  `size` int(11) DEFAULT NULL,
  `metadata` longtext CHARACTER SET utf8mb4 COLLATE utf8mb4_bin DEFAULT NULL CHECK (json_valid(`metadata`)),
  `created_at` datetime DEFAULT current_timestamp(),
  `updated_at` datetime DEFAULT current_timestamp() ON UPDATE current_timestamp(),
  PRIMARY KEY (`id`),
  KEY `user_id` (`user_id`),
  KEY `media_type_id` (`media_type_id`),
  CONSTRAINT `media_ibfk_1` FOREIGN KEY (`user_id`) REFERENCES `users` (`id`) ON DELETE CASCADE ON UPDATE CASCADE,
  CONSTRAINT `media_ibfk_2` FOREIGN KEY (`media_type_id`) REFERENCES `media_types` (`id`) ON DELETE SET NULL ON UPDATE CASCADE
) ENGINE=InnoDB AUTO_INCREMENT=101 DEFAULT CHARSET=utf8mb4 COLLATE=utf8mb4_unicode_ci;
/*!40101 SET character_set_client = @saved_cs_client */;

--
-- Dumping data for table `media`
--

LOCK TABLES `media` WRITE;
/*!40000 ALTER TABLE `media` DISABLE KEYS */;
INSERT INTO `media` VALUES (1,1,1,'Accusantium laborum animi nobis quia. Hic est sint ut assumenda. Aspernatur repellendus qui rerum eum repellat quis impedit ullam. Earum consectetur voluptatem laborum.','Шашлыки',544639,NULL,'1975-02-15 21:11:13','1975-11-28 01:18:38'),(2,2,2,'Ex aut repellendus totam qui exercitationem. Consequatur enim perferendis esse dolorem iusto voluptatibus repellendus. Autem corporis voluptas illum quidem omnis sint magnam cupiditate. Dolorem explicabo consequuntur sint eligendi.','Офис',43223613,NULL,'2017-11-24 18:09:56','2006-03-19 02:21:34'),(3,3,3,'Inventore ipsam qui facilis in non explicabo. Velit dolores et quia sunt ut nemo fuga. Et voluptatum qui dolor repellat in.','Офис',78574,NULL,'1974-06-21 04:05:41','2004-08-03 18:00:26'),(4,4,4,'Totam harum optio deleniti fugit consequatur. Numquam eum perferendis tempora quia expedita inventore consequatur officia. Aut placeat repellat repudiandae possimus est consectetur.','ДТП',6570,NULL,'2019-11-25 16:20:29','1996-11-14 17:38:32'),(5,5,5,'Omnis deleniti officia quam repellendus explicabo. Expedita maxime voluptate voluptatum possimus. Tempore accusamus ducimus beatae veniam omnis ex. Exercitationem sed voluptas incidunt nisi est.','Кипр',6026270,NULL,'1974-03-31 17:31:56','1991-05-29 13:42:11'),(6,6,6,'Vero sit iste quos. Totam et dicta consectetur voluptatem eveniet non. Unde sed vel aut vel aut molestias.','Собор Святого Вита',0,NULL,'2013-01-03 13:08:53','1983-04-22 00:56:54'),(7,7,7,'Non quam vero qui natus. Distinctio quia fuga suscipit mollitia odit. Officiis quod qui incidunt mollitia minus laboriosam.','Офис',548943202,NULL,'2003-11-06 07:23:51','2018-07-26 17:17:06'),(8,8,8,'Quos voluptates et hic quia dignissimos commodi est voluptas. Et non excepturi architecto provident in ratione. Magni aut voluptas et iste et. Unde animi ipsum doloribus enim.','Высоцкий',55769,NULL,'2009-10-09 02:56:56','1992-10-01 17:45:07'),(9,9,9,'In qui laboriosam facilis explicabo occaecati autem. Placeat est assumenda tenetur quia.','Собор Святого Вита',919,NULL,'2003-04-14 08:26:27','1999-09-27 20:52:21'),(10,10,10,'Odio qui voluptatum et saepe. Voluptatum accusamus ea dolorum odio. Enim magni est non ut sit sint.','Шашлыки',0,NULL,'1989-12-01 09:43:38','1993-04-17 02:44:01'),(11,11,11,'Porro iusto distinctio qui voluptatem distinctio libero. Quisquam veritatis impedit eius eum sapiente error. Perspiciatis blanditiis iusto sit cum. Eum numquam qui ea veniam ut quibusdam dolorem nam. Quidem deleniti sunt alias sequi accusantium.','Сан-Мишель',106903,NULL,'2000-09-17 00:32:39','1973-01-31 14:42:57'),(12,12,12,'Beatae sint recusandae rerum enim amet accusantium voluptatem laboriosam. Quo optio fugiat dolore enim adipisci. Soluta earum veritatis quis doloremque nemo tenetur.','Турция',81125,NULL,'2001-09-01 20:53:37','1980-09-11 04:16:52'),(13,13,13,'Earum sed repellat enim libero quia. Recusandae voluptates sequi et itaque voluptas omnis ipsum. Quam consequatur vero et nulla ab eos. Necessitatibus quod laudantium quia nihil mollitia.','Высоцкий',77369059,NULL,'1985-02-13 22:01:58','1985-11-18 09:31:53'),(14,14,14,'Earum saepe voluptates est tempora aut dignissimos quae. Sed eligendi voluptatem velit aliquam. Vel eos ut ut a maiores iusto fugit.','Аэропорт',9929357,NULL,'1986-02-15 07:56:26','1975-11-06 02:27:21'),(15,15,15,'Eaque sit ad et facilis suscipit. Modi modi aliquid neque mollitia laboriosam. Ut soluta quasi aut et in quas officia facilis.','Сектор газа',2,NULL,'2016-11-17 21:04:36','1973-10-12 16:37:13'),(16,16,16,'Accusamus laboriosam pariatur debitis qui quod dolores modi. Consequatur ipsum officia quia voluptas quo sed. Nihil nostrum repellat consequatur eligendi.','Ария',205461,NULL,'1991-04-20 12:07:12','1981-09-17 19:02:30'),(17,17,17,'Deserunt minima qui perspiciatis. Veritatis libero quia eveniet rem. Quae quia excepturi enim fugit. Qui asperiores nesciunt neque saepe explicabo.','Шашлыки',214082941,NULL,'2015-03-07 22:43:46','2020-07-07 11:21:39'),(18,18,18,'Deleniti eos et enim vel. Officiis ut perferendis similique a fugiat molestias. Illo neque voluptatem accusamus eum autem.','Высоцкий',35433,NULL,'1987-02-17 05:53:27','1973-01-22 22:50:47'),(19,19,19,'Dolorem nostrum quisquam eos facere. Voluptatibus eum in id iure officiis aut. Sit quisquam consectetur suscipit animi.','Сектор газа',1194,NULL,'1978-11-08 04:16:23','1975-11-02 21:52:08'),(20,20,20,'Non incidunt recusandae soluta. Exercitationem illo labore vitae. Et provident velit molestiae laborum. Architecto aut aut ducimus voluptas.','НГ',550273844,NULL,'1988-03-02 16:31:58','2000-06-13 13:16:09'),(21,21,21,'Enim exercitationem laborum minus sed in dolorum est omnis. Laboriosam iusto corporis dicta asperiores blanditiis dolorum praesentium. Omnis error eaque sit nobis est.','Шашлыки',31,NULL,'1995-10-12 01:54:05','2015-02-16 22:52:49'),(22,22,22,'Officia pariatur voluptatibus placeat accusantium ad pariatur et. Enim quaerat delectus consequuntur omnis. Laboriosam voluptates quisquam eligendi laudantium nobis. Culpa magnam quisquam mollitia et officiis numquam laboriosam.','Офис',9,NULL,'1993-04-16 04:32:55','2011-07-26 00:17:33'),(23,23,23,'Eum aut quis ad hic est reprehenderit qui. Provident ea recusandae et. Minus magni maxime quo ut vero ratione molestiae.','Кипр',387,NULL,'2012-10-05 13:47:45','1988-03-08 09:40:56'),(24,24,24,'Eaque excepturi rem nemo in blanditiis. Et quisquam iure voluptate necessitatibus. Deserunt libero repellat quis et.','Высоцкий',0,NULL,'1987-01-15 00:57:11','2002-05-07 05:12:00'),(25,25,25,'Et similique odio aut consequuntur accusantium vero autem. Non voluptatem culpa et nesciunt blanditiis nisi accusamus repellat. Esse eum autem nesciunt deleniti optio ad. Et qui amet sed reprehenderit nobis. Voluptas mollitia earum ducimus modi quod.','ДТП',635,NULL,'2014-08-18 18:07:38','1981-02-17 22:18:26'),(26,26,26,'Aut ullam similique occaecati quo. Expedita quaerat magni reprehenderit. Quia accusamus eos expedita minima. Illo et eum voluptatem dolor sint illum ratione.','Офис',758725,NULL,'1996-02-16 23:47:02','1976-02-06 07:27:32'),(27,27,27,'Officiis sed voluptatum rerum qui. Eos aliquam sint voluptas non et magnam labore. Unde in dolor qui ipsa. Exercitationem est corrupti eveniet dolores repudiandae quasi qui.','Шашлыки',163059191,NULL,'2021-06-25 19:33:13','1974-08-25 15:01:07'),(28,28,28,'Fuga sapiente ea aliquam odio. Et consequatur error quos ipsum quas. Aut delectus ut corporis suscipit.','Кипр',0,NULL,'1999-04-15 03:45:17','1970-04-04 14:22:25'),(29,29,29,'Dolorem officia molestias deserunt officiis provident qui nihil. Pariatur aut esse adipisci recusandae in non ut dolor. Est distinctio sunt omnis repudiandae quo incidunt omnis porro. Voluptas vel quo quod.','ДР',8,NULL,'1999-08-10 02:24:46','1990-07-17 10:30:52'),(30,30,30,'Cumque non nostrum voluptatum a doloremque incidunt. Aut omnis vitae aliquam ea harum eius. Repudiandae odio non beatae quibusdam impedit est numquam.','Кипр',276,NULL,'2018-09-19 04:55:25','1980-12-27 08:31:20'),(31,31,31,'Ea vel voluptate qui ab sunt vel vel. Earum nam et nesciunt sunt qui dicta. Id impedit aut dolorem blanditiis.','Турция',648448900,NULL,'1972-12-09 23:46:35','1993-10-01 19:40:11'),(32,32,32,'Dolores ea magnam repellat odio totam eaque. Quae maxime totam occaecati eos rerum.','Собор Святого Вита',6150,NULL,'1991-11-23 20:58:23','1993-05-25 21:24:24'),(33,33,33,'Tempora voluptates sunt nesciunt dolorem libero iure. Et iure voluptas occaecati dignissimos. Quibusdam dolor a est consequatur.','Сектор газа',5,NULL,'1976-11-09 08:18:34','2017-02-06 08:27:54'),(34,34,34,'Est fuga in libero. Dolor cum omnis vel sint. Porro maiores qui animi similique veritatis. Rem iure qui ipsam impedit.','ДР',889731,NULL,'1970-02-16 08:50:48','2018-12-20 09:04:19'),(35,35,35,'Harum maxime at enim quisquam. Labore voluptatem sit ipsum. Debitis ut est reiciendis perspiciatis eos tempore eum. Dolorem est corrupti vel voluptatem ut sequi et.','Дача',267543363,NULL,'1981-01-18 04:37:37','1974-02-06 21:04:37'),(36,36,36,'Aut in laboriosam praesentium et voluptate. Ea omnis quia adipisci qui vel quasi fuga. Aut vel dolor eum odit placeat. Sed ullam iusto autem consequatur aut placeat nostrum dicta.','ДТП',549065803,NULL,'1973-04-30 14:20:20','1971-11-19 21:00:32'),(37,37,37,'Animi temporibus fugit omnis quia beatae. Nihil debitis fugit provident nobis assumenda. Et pariatur a velit quae voluptas molestiae reprehenderit ut.','Сан-Мишель',98,NULL,'1978-03-04 04:32:59','1978-02-26 16:49:12'),(38,38,38,'Perspiciatis fugit quidem laboriosam qui dolorem est consectetur. Nihil quia repellat quisquam. Expedita et ipsam enim non.','Шашлыки',215,NULL,'1981-02-21 04:02:07','2000-03-06 16:22:24'),(39,39,39,'Eos perspiciatis nihil dolores in voluptatem dolorem. Saepe sed perspiciatis nihil voluptatem enim nihil. Aut soluta nihil accusantium est et.','Дача',5316572,NULL,'1981-02-15 00:54:49','1998-04-02 17:54:05'),(40,40,40,'Ut magni aliquid corrupti omnis. Et tempore consectetur unde ut. Rem dolorem quia et similique.','Сан-Мишель',868060288,NULL,'1973-06-13 17:16:38','1983-02-07 00:52:14'),(41,41,41,'Velit beatae ut aut et ipsam quis totam. Nesciunt quia iure qui expedita. Sit sint totam consequatur esse. Est repellat illum nostrum placeat sequi tenetur. Enim laborum sint id est debitis amet delectus.','ДДТ',82715,NULL,'1992-12-20 00:10:21','1988-09-16 15:30:28'),(42,42,42,'Hic id rerum similique assumenda porro voluptatibus in aut. Tempore et ipsum labore in ducimus. Odio voluptatum consequatur architecto sit fugiat. Sit consequuntur ab quae nobis neque minima. Incidunt fugiat voluptates optio.','Собор Святого Вита',6,NULL,'2006-10-06 23:38:45','1985-06-26 11:19:58'),(43,43,43,'Labore veniam ut est. A sed assumenda quia quas error sint est. Praesentium et magnam adipisci nesciunt magnam. Ut adipisci cupiditate dignissimos ducimus quis.','Аэропорт',82,NULL,'1997-11-13 07:40:09','1971-07-12 07:40:13'),(44,44,44,'Voluptatem impedit voluptatum ducimus voluptate. Odio velit at ut quo. Deserunt veniam quis recusandae architecto.','ДТП',30,NULL,'2004-03-22 19:09:28','1979-03-08 11:54:07'),(45,45,45,'Inventore nihil odio aliquid magni eaque veniam sint. Consectetur iste dolores labore modi. A sit quia perferendis et et aliquid adipisci.','Сан-Мишель',9058,NULL,'1984-10-12 17:11:05','2011-09-29 19:11:22'),(46,46,46,'Nesciunt consequatur voluptas atque consequatur id quia. Quas hic voluptatem adipisci veritatis dignissimos. Necessitatibus quis molestiae temporibus nihil rerum.','Аэропорт',320208,NULL,'1977-10-07 19:57:40','2009-07-23 13:30:14'),(47,47,47,'Omnis ullam illo et eaque quis. Facilis quam hic magnam odit. Deserunt voluptatem sed distinctio fuga porro itaque omnis. Voluptatem asperiores quibusdam natus porro est molestias sint.','Турция',3670,NULL,'2015-06-16 16:04:25','2011-08-11 05:12:46'),(48,48,48,'Tenetur dolorem repellendus et quod quidem. Iste quo quis ipsum. Laboriosam non quos maiores doloribus et. Fugiat pariatur asperiores voluptatem ut natus quis ab voluptatem.','Сектор газа',98,NULL,'2013-11-02 10:14:54','1978-12-10 17:18:12'),(49,49,49,'Ipsam id autem error. Quae tempora fugit illo facilis. Quis laudantium officiis itaque porro autem et fugit. Quia earum occaecati eius neque blanditiis autem error.','Турция',763455,NULL,'1997-10-08 02:14:02','2017-10-20 03:26:38'),(50,50,50,'Quasi labore quos fugit qui. Aut velit autem dolor praesentium impedit laboriosam. Perspiciatis omnis consectetur consequatur accusamus iure voluptatibus quam.','Высоцкий',79,NULL,'1998-07-13 16:30:55','1993-01-29 23:18:00'),(51,51,51,'Debitis corrupti ea voluptates non. Non sint exercitationem sequi commodi eius architecto quidem. Qui soluta maxime sed incidunt. Quaerat alias officiis illum commodi inventore aliquid.','Аэропорт',23,NULL,'1973-03-30 08:49:57','1983-09-09 17:50:57'),(52,52,52,'Esse ullam eveniet quo et aliquam repellendus magni velit. Et dignissimos fuga at est impedit nostrum. Deserunt nulla dolore impedit et dicta dolor deleniti.','Офис',160778,NULL,'1995-06-07 20:19:54','2008-09-20 20:55:55'),(53,53,53,'Voluptates sint illo error iusto esse. Velit distinctio consequuntur qui culpa. Non aliquam occaecati rerum dolor consequatur aut exercitationem suscipit.','На Архыз',784810547,NULL,'1985-02-23 02:07:16','2019-04-20 00:31:11'),(54,54,54,'Repellat et maiores aut quo aspernatur maiores omnis molestias. Omnis quia ad libero dolorem. Et ab commodi asperiores id.','Кипр',220,NULL,'1971-02-17 05:24:16','1987-04-13 18:30:07'),(55,55,55,'Ut aut quia dolores iste enim. Labore et qui velit dolores natus ipsa suscipit a. Ut dignissimos voluptatem magni autem voluptatum est et. Praesentium non saepe qui.','ДР',3096208,NULL,'1973-11-27 08:54:44','1977-09-07 10:08:08'),(56,56,56,'Repellendus reiciendis distinctio totam. Unde doloremque explicabo perferendis ut aut expedita molestiae illum. Enim aut voluptatem eaque dolorem sed omnis earum.','ДТП',36961428,NULL,'2008-09-12 21:54:15','1979-09-04 21:34:29'),(57,57,57,'Distinctio cum sunt placeat rem assumenda maxime. Mollitia reiciendis quos ut aut omnis quia et. Qui aut et autem omnis veniam excepturi voluptatem saepe.','НГ',687519785,NULL,'2006-12-02 09:33:41','1993-12-11 06:08:52'),(58,58,58,'Ipsam maiores sit eius soluta nobis est. Doloribus praesentium dolor aut quo earum.','Ария',93936248,NULL,'1972-09-18 05:07:09','1985-11-19 00:40:45'),(59,59,59,'Quaerat tempore dolore dolores occaecati deserunt. Itaque et quasi officiis quia eaque nemo accusantium. Fugit voluptas qui corporis vitae asperiores aut ea.','Высоцкий',2,NULL,'2010-12-20 02:43:44','1990-07-09 05:19:23'),(60,60,60,'Aut beatae id ullam cumque est. Qui placeat est accusamus aut dolore laboriosam et. Qui nostrum eaque placeat minus. Molestiae placeat aliquam sit accusantium laborum quam et. Aliquam non totam porro et.','Офис',1910370,NULL,'1998-12-15 05:27:57','1999-02-13 16:41:22'),(61,61,61,'Et ea esse maiores animi. Nobis enim facere et et reiciendis aspernatur quia. Dolor nostrum quae sapiente repellendus corporis dolorem qui. Voluptatum id sit corporis eum sequi illum blanditiis.','Дача',86641,NULL,'1986-02-01 07:01:43','2003-06-30 14:06:10'),(62,62,62,'Dolorem et consequatur nesciunt qui occaecati veritatis qui. Dolorum similique esse enim rerum. Culpa sed in itaque reprehenderit commodi quos.','Шашлыки',0,NULL,'2008-09-25 14:37:22','1984-11-09 04:03:42'),(63,63,63,'Minima minima repellat laboriosam. Veritatis minima accusantium dolores quo. Voluptas sapiente aspernatur nostrum voluptatem repellendus officiis. Excepturi sit ipsam maxime dolor autem enim magnam.','На Архыз',261269864,NULL,'2019-07-08 08:00:13','1995-12-25 03:07:06'),(64,64,64,'Ex tempora harum quisquam eos. Est consequatur repellendus corporis reiciendis. Esse voluptatem voluptates saepe quis. Ut pariatur consequuntur esse minus minus.','Высоцкий',0,NULL,'1989-04-08 02:16:21','1989-06-04 01:38:41'),(65,65,65,'Suscipit exercitationem eligendi quam et cupiditate. Voluptas in atque minima voluptas voluptas quia. Voluptates qui incidunt beatae repellendus.','Собор Святого Вита',7,NULL,'1992-09-03 02:59:55','1984-12-15 02:54:02'),(66,66,66,'Fugit sit quia debitis quia. Et veritatis dolore distinctio dolores. Debitis inventore officiis rerum exercitationem consectetur. Magni ducimus ex suscipit adipisci quasi repudiandae est.','Турция',759218,NULL,'2011-07-10 05:14:03','2010-11-08 13:06:51'),(67,67,67,'Et molestiae consequuntur quas placeat dicta quia. Occaecati quae vitae eum molestiae consequatur in ipsa. Quia ut harum eum recusandae et. Quas ducimus qui architecto et quia quae quisquam ipsum.','ДТП',708135014,NULL,'1988-09-05 23:45:42','1975-01-02 02:10:18'),(68,68,68,'Similique quo incidunt sunt quia beatae voluptates. Est rerum modi aspernatur autem. Aperiam quae est quo. Quo enim sed nihil modi.','ДР',9290,NULL,'1986-10-22 19:25:38','2007-10-21 05:13:36'),(69,69,69,'Vel cum sit commodi sed. Sed quasi molestiae quaerat illo. Dicta quas enim corporis similique hic atque.','Аэропорт',139920935,NULL,'2021-05-25 09:47:54','2019-02-16 12:32:37'),(70,70,70,'Molestiae non dolorum beatae dicta et laborum iure voluptas. Deserunt voluptatum libero illo dicta quia natus quo. Perferendis et voluptatem voluptas repellat. Cumque quia recusandae soluta consectetur doloremque libero.','Турция',5,NULL,'2013-03-24 20:22:07','1997-06-08 15:53:58'),(71,71,71,'Dolore architecto quisquam ducimus culpa possimus qui consequatur. Error ipsam velit maxime officiis. Voluptatibus ut ab aut saepe optio dolorem numquam.','ДДТ',0,NULL,'1992-08-25 08:34:25','1997-06-03 08:06:19'),(72,72,72,'Autem omnis deleniti sed ut. Non laboriosam sit vel vero molestiae modi. Et aut eaque consequuntur voluptas. Modi quo voluptatem et ipsum animi blanditiis porro at.','Сектор газа',27986904,NULL,'1989-05-29 13:12:55','2004-05-03 09:33:32'),(73,73,73,'Dignissimos provident maiores corrupti magnam at. Suscipit assumenda vero harum eum delectus aut. Fuga beatae non expedita id vitae molestias beatae. Magni qui exercitationem sint alias.','Аэропорт',0,NULL,'1978-02-04 09:26:14','1983-03-12 05:22:47'),(74,74,74,'Adipisci dolor voluptas excepturi sint error molestiae. Nihil error ipsa quia vero. Maxime dicta quis enim deserunt dolorem laudantium. Tenetur a ipsum fuga nemo.','Турция',556605,NULL,'2006-07-21 08:14:34','1987-02-08 08:51:18'),(75,75,75,'Voluptatum debitis illum repellendus placeat enim beatae eos. Aut nam dolores minima. Voluptas est consequuntur voluptates dolores similique eaque. Enim ea vitae aut omnis et.','Сектор газа',78059,NULL,'1971-02-21 19:47:26','1994-07-15 09:58:17'),(76,76,76,'Iste quas fugiat quo nobis laboriosam. Ut voluptates ad modi dolore. Consequatur nam molestiae enim.','Шашлыки',47133460,NULL,'1986-02-13 11:54:38','1976-02-23 14:36:39'),(77,77,77,'Quasi rerum quo suscipit voluptas doloremque. Officiis fugit dolor inventore voluptatum et veritatis fugit. Et placeat nostrum rerum harum est. Debitis ipsam quae et unde deserunt alias.','НГ',0,NULL,'1973-03-10 00:28:34','1971-05-22 13:29:15'),(78,78,78,'Omnis modi voluptatibus hic quibusdam omnis. Aut unde voluptates iure optio ipsam et. Pariatur voluptatem qui quam fugit et.','Сан-Мишель',7,NULL,'2006-05-20 22:57:09','2016-01-12 12:40:54'),(79,79,79,'Quia occaecati occaecati in qui vitae magni. Sapiente quaerat esse placeat repellendus nulla cum vitae expedita. Vitae quibusdam suscipit recusandae accusantium. Quia nisi temporibus dolor voluptatem sint est minus. Incidunt quas nobis laboriosam quisquam.','Ария',699152,NULL,'2012-07-30 14:14:27','2011-05-17 02:12:39'),(80,80,80,'Et quisquam ratione iure aut praesentium delectus velit. Sunt et repellat ea ducimus. Ipsam distinctio nulla laboriosam harum nam velit.','Офис',5,NULL,'2019-10-17 01:59:08','1999-06-22 14:30:50'),(81,81,81,'Dolor voluptas ipsum at in. Ut quae cupiditate consequatur nostrum. Tempora modi fugiat sit earum. Qui modi numquam corporis amet nobis expedita qui perferendis. Harum odio delectus quaerat aut aperiam.','Ария',4148,NULL,'1994-10-02 04:18:54','1971-08-19 01:34:02'),(82,82,82,'Aut expedita libero velit ex harum. Et exercitationem nam odit ut id voluptatem qui nam. Sint voluptates aliquid voluptatem enim tempore deserunt molestias.','НГ',591202,NULL,'1986-05-11 15:21:02','1975-08-11 22:14:58'),(83,83,83,'Rerum sed accusantium impedit maxime qui doloribus. Laudantium eos facere vel sunt at velit soluta. Perspiciatis ratione ad consectetur in aut.','Высоцкий',822,NULL,'1991-10-06 15:06:11','1970-06-02 06:24:36'),(84,84,84,'Voluptatum eum quasi et id. Praesentium quasi rerum sed dolore. Impedit omnis vero tenetur ea. Quos ratione sint ut. Qui quidem eos quo qui.','НГ',37308446,NULL,'2021-11-28 12:22:10','2006-04-15 01:44:33'),(85,85,85,'Vel sit ut voluptatem accusamus exercitationem. Est dolore ab necessitatibus praesentium laborum et. Debitis laboriosam quos reiciendis laborum ratione. Adipisci qui nemo sit. Commodi et velit a ex.','Шашлыки',59840292,NULL,'2021-02-16 00:39:43','2000-03-11 06:45:44'),(86,86,86,'Eveniet sit ut est. Ipsam esse id explicabo eveniet recusandae fugiat aliquid et. Vel aut ut dicta voluptates soluta sint. Aut nesciunt non totam sit.','Собор Святого Вита',806704,NULL,'2018-06-18 13:28:45','1986-01-06 22:25:35'),(87,87,87,'Voluptas quasi laborum quia vel nihil. Impedit dignissimos est nulla dicta. Fugiat delectus consequatur fugit reiciendis. Iste non ea voluptatem itaque cupiditate.','Собор Святого Вита',3058,NULL,'1980-11-24 21:41:22','1992-09-13 17:41:59'),(88,88,88,'Itaque maxime hic magnam recusandae tempore a. Libero alias odit veniam quis modi iure eum. Officia autem sunt porro omnis qui delectus. Sit at aut sed sint iusto voluptas quaerat.','Сан-Мишель',5506145,NULL,'1970-12-13 14:24:22','2012-07-27 08:43:50'),(89,89,89,'Nam voluptas veritatis nulla occaecati autem explicabo est. Ex sed perspiciatis magni quidem praesentium. Ea omnis sint exercitationem eos autem ab.','ДР',356,NULL,'2021-10-31 11:43:27','1983-08-04 00:29:16'),(90,90,90,'Sit nobis dolores eum enim eveniet praesentium. Assumenda enim quos quos dolorem sint eum. Consequatur sit corrupti ea incidunt aliquid fugit odio.','Высоцкий',878,NULL,'1997-07-05 19:07:44','2003-01-14 19:10:12'),(91,91,91,'Et perspiciatis qui et quae veritatis aut. Omnis consequatur voluptas qui quia eos. Porro sequi incidunt a cumque. Consectetur illum sapiente harum et praesentium ea quod.','Дача',46834978,NULL,'2013-03-25 03:54:50','1976-03-06 10:32:03'),(92,92,92,'Facilis qui autem vero nihil at. Ea doloribus cumque laborum vel saepe. Et totam cumque dignissimos quis quia voluptatem.','Шашлыки',87352,NULL,'2012-06-06 00:00:11','1992-09-25 15:48:05'),(93,93,93,'Reiciendis omnis est perspiciatis quod inventore. Quo quis at minima iusto facilis quod. Pariatur aut sapiente assumenda aliquid facere aut veritatis. Nihil velit a vel eius aliquam. Aliquid corporis dicta quo.','На Архыз',437508,NULL,'2000-08-05 10:28:36','2006-09-01 05:22:11'),(94,94,94,'Suscipit laudantium debitis quasi consequatur ea quasi sint. Quia amet maiores minus ut inventore. Ex illum numquam libero alias ut.','Дача',3,NULL,'1970-06-18 20:42:22','2005-12-22 11:49:14'),(95,95,95,'Rerum ut illum deserunt ipsam nostrum impedit. Dolorem et dolorem ipsum aut quisquam.','Аэропорт',2,NULL,'2009-02-19 07:40:47','1998-05-22 18:02:44'),(96,96,96,'Aspernatur minus esse ut omnis a. Laboriosam enim id officia dolor temporibus dicta. Eos aliquid et et incidunt sequi expedita. Pariatur molestiae est maiores velit fugiat.','ДДТ',1560951,NULL,'2018-04-26 02:06:25','1994-03-20 03:39:59'),(97,97,97,'Esse ea aut sit nulla repudiandae. Eos quos quia ut sequi fugit aliquam. Autem quidem non id aperiam vero nostrum sed.','Кипр',0,NULL,'1977-10-05 13:32:07','1993-05-12 11:05:17'),(98,98,98,'Harum corrupti quia distinctio vel. Laborum placeat occaecati nobis qui aspernatur et aut. In exercitationem voluptatem ipsa labore velit sed. Atque dolorem autem animi odio aut culpa mollitia quasi.','Кипр',6,NULL,'2008-10-18 23:10:52','1996-02-05 06:47:59'),(99,99,99,'Sit consectetur ut sit non. Ut nesciunt ut quibusdam et in dicta. Qui veritatis expedita doloribus.','Собор Святого Вита',0,NULL,'1993-02-01 07:52:11','1987-11-28 01:25:08'),(100,100,100,'Vero ad est qui minus totam expedita eius. Iure facere et dolor quod. Voluptatibus molestias aperiam vero excepturi qui facere hic.','Собор Святого Вита',60,NULL,'1983-06-15 15:06:17','1998-04-18 12:11:03');
/*!40000 ALTER TABLE `media` ENABLE KEYS */;
UNLOCK TABLES;

--
-- Table structure for table `media_types`
--

DROP TABLE IF EXISTS `media_types`;
/*!40101 SET @saved_cs_client     = @@character_set_client */;
/*!40101 SET character_set_client = utf8 */;
CREATE TABLE `media_types` (
  `id` bigint(20) unsigned NOT NULL AUTO_INCREMENT,
  `name` varchar(255) COLLATE utf8mb4_unicode_ci DEFAULT NULL,
  `created_at` datetime DEFAULT current_timestamp(),
  `updated_at` datetime DEFAULT current_timestamp() ON UPDATE current_timestamp(),
  PRIMARY KEY (`id`)
) ENGINE=InnoDB AUTO_INCREMENT=101 DEFAULT CHARSET=utf8mb4 COLLATE=utf8mb4_unicode_ci;
/*!40101 SET character_set_client = @saved_cs_client */;

--
-- Dumping data for table `media_types`
--

LOCK TABLES `media_types` WRITE;
/*!40000 ALTER TABLE `media_types` DISABLE KEYS */;
INSERT INTO `media_types` VALUES (1,'Коллаж','1992-05-25 12:24:46','2001-07-25 07:45:22'),(2,'Видео','1970-06-09 20:19:15','1978-01-16 02:27:52'),(3,'Презентация','1991-09-25 18:48:45','2014-06-03 17:28:42'),(4,'Фото','2013-11-08 00:56:27','1999-08-04 11:11:14'),(5,'Фото','1998-03-26 18:56:50','1982-04-18 16:41:21'),(6,'Презентация','1998-06-02 05:01:43','2012-11-03 12:37:33'),(7,'Музыка','1982-02-26 12:48:03','1980-12-27 20:03:31'),(8,'Коллаж','2006-11-12 03:36:27','1993-03-23 21:46:08'),(9,'Музыка','2018-08-03 15:19:08','1994-01-07 09:59:25'),(10,'Коллаж','1997-06-05 08:27:18','1970-04-10 12:33:23'),(11,'Презентация','1978-07-27 21:19:35','1973-06-23 00:11:01'),(12,'Музыка','1980-02-16 06:04:14','2017-10-23 03:35:11'),(13,'Фото','2017-07-13 19:02:42','2014-04-30 01:18:49'),(14,'Видео','1975-11-20 12:07:10','1974-02-27 01:12:16'),(15,'Видео','1988-03-12 04:45:30','2012-01-28 08:07:39'),(16,'Музыка','1991-01-03 12:31:17','1989-04-26 07:57:26'),(17,'Презентация','1976-06-26 20:16:16','1989-06-07 11:10:24'),(18,'Презентация','1971-05-19 04:33:54','1983-11-24 02:09:50'),(19,'Музыка','2004-04-29 13:37:25','2001-02-16 15:50:48'),(20,'Видео','1994-04-21 06:24:20','2020-12-09 10:06:08'),(21,'Видео','1972-05-31 01:15:53','1994-02-23 03:03:25'),(22,'Видео','1987-07-21 05:13:52','1975-09-01 21:59:15'),(23,'Видео','2001-04-30 09:25:53','1973-06-01 11:19:25'),(24,'Фото','2008-07-12 13:34:26','1994-04-21 04:12:18'),(25,'Фото','1993-12-12 12:45:30','2010-05-25 19:59:03'),(26,'Музыка','1994-05-05 04:43:00','1975-12-16 13:16:29'),(27,'Презентация','1984-09-24 02:52:42','2016-08-11 22:59:35'),(28,'Музыка','1986-09-30 21:06:48','1971-03-18 03:01:43'),(29,'Фото','1977-11-09 01:29:49','2020-09-18 21:10:38'),(30,'Презентация','2000-04-13 13:42:03','1980-08-11 18:37:59'),(31,'Музыка','2008-03-11 10:54:52','1992-07-23 02:18:45'),(32,'Презентация','1996-02-14 23:11:26','2019-06-03 17:52:06'),(33,'Музыка','1998-03-05 07:18:32','2009-08-04 00:20:54'),(34,'Видео','1972-12-03 00:26:13','2021-01-26 12:32:35'),(35,'Музыка','1986-05-05 00:01:17','1991-10-10 14:33:20'),(36,'Видео','2001-12-17 06:56:20','1971-06-02 18:46:14'),(37,'Видео','1999-12-13 03:07:26','2008-09-19 23:13:04'),(38,'Презентация','1988-07-23 05:03:13','1998-05-13 19:37:16'),(39,'Коллаж','1993-08-06 11:39:59','2001-04-05 18:35:21'),(40,'Презентация','1976-09-12 06:13:06','1985-11-17 12:43:41'),(41,'Фото','1992-08-03 01:10:47','1991-12-04 07:57:14'),(42,'Музыка','1989-11-11 18:20:06','2011-02-23 21:03:48'),(43,'Видео','2012-11-18 15:56:59','1981-11-18 06:25:14'),(44,'Музыка','1996-12-25 11:15:21','2021-01-21 08:59:18'),(45,'Фото','2014-12-30 14:47:39','2019-05-08 13:59:35'),(46,'Презентация','2007-12-27 20:54:13','1985-11-20 04:44:00'),(47,'Видео','1987-09-10 15:44:31','1998-07-11 20:31:07'),(48,'Фото','1977-02-16 15:37:29','2021-07-31 07:34:10'),(49,'Презентация','1998-07-18 03:55:52','1988-08-21 14:51:24'),(50,'Презентация','1971-08-18 11:50:11','1982-12-25 03:14:17'),(51,'Фото','1972-08-01 00:43:11','1980-08-07 06:06:28'),(52,'Музыка','2019-01-19 21:58:33','1988-10-16 02:20:12'),(53,'Видео','1985-09-16 04:12:48','1986-02-18 19:17:19'),(54,'Презентация','2016-11-27 07:43:18','1992-01-01 20:23:31'),(55,'Презентация','1995-02-13 09:33:48','2005-03-30 08:31:49'),(56,'Коллаж','1997-04-19 14:25:46','1991-02-27 03:04:23'),(57,'Фото','2003-12-03 18:50:40','1996-01-08 18:08:19'),(58,'Музыка','2009-01-12 23:38:58','2004-06-26 11:03:50'),(59,'Презентация','1977-01-23 03:47:06','2010-03-06 11:28:21'),(60,'Фото','1976-10-23 21:36:25','1990-08-03 21:28:22'),(61,'Фото','2011-06-30 07:54:05','2000-08-27 16:30:55'),(62,'Музыка','1983-06-10 18:42:55','2011-10-07 19:27:26'),(63,'Музыка','1971-02-16 13:32:55','1994-08-02 11:31:52'),(64,'Фото','1992-04-19 08:01:50','2020-01-04 10:03:32'),(65,'Коллаж','2008-05-02 01:55:52','1972-10-30 20:51:39'),(66,'Коллаж','2013-11-14 04:48:18','2020-01-15 04:54:20'),(67,'Музыка','2021-09-16 08:33:18','1974-03-11 00:21:49'),(68,'Музыка','1982-12-21 03:45:29','2001-05-09 15:39:10'),(69,'Коллаж','1985-07-04 19:10:04','1983-03-15 23:19:42'),(70,'Фото','2012-10-16 15:08:07','1993-03-27 15:24:23'),(71,'Коллаж','2002-07-10 06:54:36','1983-09-25 02:29:06'),(72,'Презентация','2009-04-22 09:20:52','1982-04-13 02:59:19'),(73,'Коллаж','1977-08-18 03:44:12','2005-09-05 15:09:39'),(74,'Музыка','1983-01-19 18:44:15','1974-05-20 03:15:35'),(75,'Презентация','2002-08-28 14:53:25','2007-11-30 17:33:26'),(76,'Видео','2004-01-15 18:11:22','2020-06-12 20:22:08'),(77,'Музыка','1970-12-01 08:22:44','1972-03-09 06:38:49'),(78,'Коллаж','1996-07-20 20:23:35','2018-11-15 03:42:45'),(79,'Музыка','1994-05-18 18:12:38','2020-07-08 22:57:33'),(80,'Видео','1992-06-23 11:04:59','2000-01-17 08:58:10'),(81,'Презентация','2010-03-08 03:59:23','2014-09-12 07:56:08'),(82,'Фото','2019-06-11 20:38:24','1987-07-30 16:43:55'),(83,'Коллаж','1970-05-18 03:23:57','2019-04-14 00:10:21'),(84,'Фото','1986-12-15 07:31:18','2001-10-10 18:55:11'),(85,'Коллаж','1990-11-20 06:13:48','2008-03-19 14:18:50'),(86,'Музыка','2012-02-14 05:30:26','2020-06-11 08:38:20'),(87,'Видео','1985-05-14 19:34:41','1998-06-04 03:58:04'),(88,'Фото','1971-12-17 20:29:23','1984-02-02 18:31:02'),(89,'Презентация','1975-03-22 09:36:01','2013-07-04 00:43:04'),(90,'Музыка','1982-11-30 09:51:25','1985-02-07 23:08:30'),(91,'Презентация','2007-11-29 08:55:43','1987-08-04 13:58:55'),(92,'Коллаж','2009-04-24 10:37:47','1998-04-23 22:29:34'),(93,'Видео','1988-04-14 11:41:58','2001-12-30 09:36:45'),(94,'Фото','1991-09-21 04:33:51','2008-02-20 16:06:23'),(95,'Фото','1972-07-22 17:03:12','2013-06-15 19:39:28'),(96,'Фото','1990-09-08 18:44:45','1994-06-12 22:43:53'),(97,'Музыка','1976-06-29 01:51:24','1977-06-15 10:07:07'),(98,'Музыка','1976-08-05 14:45:01','1992-10-31 18:51:48'),(99,'Фото','2001-04-06 19:22:25','1992-08-29 01:41:29'),(100,'Видео','2015-04-29 18:04:55','1987-06-05 20:04:12');
/*!40000 ALTER TABLE `media_types` ENABLE KEYS */;
UNLOCK TABLES;

--
-- Table structure for table `messages`
--

DROP TABLE IF EXISTS `messages`;
/*!40101 SET @saved_cs_client     = @@character_set_client */;
/*!40101 SET character_set_client = utf8 */;
CREATE TABLE `messages` (
  `id` bigint(20) unsigned NOT NULL AUTO_INCREMENT,
  `from_user_id` bigint(20) unsigned NOT NULL,
  `to_user_id` bigint(20) unsigned NOT NULL,
  `body` text COLLATE utf8mb4_unicode_ci DEFAULT NULL,
  `created_at` datetime DEFAULT current_timestamp(),
  PRIMARY KEY (`id`),
  KEY `from_user_id` (`from_user_id`),
  KEY `to_user_id` (`to_user_id`),
  CONSTRAINT `messages_ibfk_1` FOREIGN KEY (`from_user_id`) REFERENCES `users` (`id`) ON DELETE CASCADE ON UPDATE CASCADE,
  CONSTRAINT `messages_ibfk_2` FOREIGN KEY (`to_user_id`) REFERENCES `users` (`id`) ON DELETE CASCADE ON UPDATE CASCADE
) ENGINE=InnoDB AUTO_INCREMENT=101 DEFAULT CHARSET=utf8mb4 COLLATE=utf8mb4_unicode_ci;
/*!40101 SET character_set_client = @saved_cs_client */;

--
-- Dumping data for table `messages`
--

LOCK TABLES `messages` WRITE;
/*!40000 ALTER TABLE `messages` DISABLE KEYS */;
INSERT INTO `messages` VALUES (1,1,1,'Золотая дремотная азия опустилась на куполах','1984-09-11 17:10:34'),(2,2,2,'Старый дом мой давно сутулился','2009-12-21 06:14:56'),(3,3,3,'Золотая дремотная азия опустилась на куполах','2015-01-25 05:32:27'),(4,4,4,'Золотая дремотная азия опустилась на куполах','2010-11-22 18:55:35'),(5,5,5,'На москвоских изогнутых улицах помреть знать судил мне бог','2005-12-20 19:59:13'),(6,6,6,'На москвоских изогнутых улицах помреть знать судил мне бог','1982-09-15 02:19:41'),(7,7,7,'Золотая дремотная азия опустилась на куполах','1979-05-28 15:19:44'),(8,8,8,'Я люблю этот город вяземый','2000-02-20 17:58:44'),(9,9,9,'Я люблю этот город вяземый','1996-01-01 16:32:15'),(10,10,10,'Золотая дремотная азия опустилась на куполах','1991-02-01 09:54:46'),(11,11,11,'Пусть протух он и пусть погряз','1994-02-18 21:37:09'),(12,12,12,'Старый дом мой давно сутулился','2002-06-24 05:37:10'),(13,13,13,'Золотая дремотная азия опустилась на куполах','2019-08-03 12:45:11'),(14,14,14,'Пусть протух он и пусть погряз','1994-11-17 13:58:30'),(15,15,15,'На москвоских изогнутых улицах помреть знать судил мне бог','1997-03-30 23:18:57'),(16,16,16,'Пусть протух он и пусть погряз','1970-05-13 14:18:05'),(17,17,17,'Я люблю этот город вяземый','1992-08-24 14:50:39'),(18,18,18,'Старый пес мой давно издох','2021-08-13 01:01:20'),(19,19,19,'На москвоских изогнутых улицах помреть знать судил мне бог','2015-07-26 05:50:16'),(20,20,20,'На москвоских изогнутых улицах помреть знать судил мне бог','2014-11-13 10:47:26'),(21,21,21,'Пусть протух он и пусть погряз','2008-08-31 12:39:33'),(22,22,22,'Я люблю этот город вяземый','1980-11-07 11:12:02'),(23,23,23,'Золотая дремотная азия опустилась на куполах','2013-08-09 21:06:34'),(24,24,24,'Золотая дремотная азия опустилась на куполах','1978-11-26 21:48:43'),(25,25,25,'Старый дом мой давно сутулился','1994-09-21 14:32:42'),(26,26,26,'Пусть протух он и пусть погряз','2003-11-20 22:28:30'),(27,27,27,'Золотая дремотная азия опустилась на куполах','1998-03-01 15:00:10'),(28,28,28,'Я люблю этот город вяземый','2000-02-29 11:01:23'),(29,29,29,'Я люблю этот город вяземый','2000-10-17 11:55:25'),(30,30,30,'Старый пес мой давно издох','2004-12-02 23:11:31'),(31,31,31,'Пусть протух он и пусть погряз','2014-11-19 23:10:01'),(32,32,32,'Золотая дремотная азия опустилась на куполах','2007-05-09 01:41:58'),(33,33,33,'Пусть протух он и пусть погряз','1988-12-09 12:12:30'),(34,34,34,'Золотая дремотная азия опустилась на куполах','2013-03-16 02:59:05'),(35,35,35,'Золотая дремотная азия опустилась на куполах','1995-11-18 23:50:08'),(36,36,36,'Старый пес мой давно издох','1997-01-06 07:41:21'),(37,37,37,'Золотая дремотная азия опустилась на куполах','1978-05-23 22:51:52'),(38,38,38,'Я люблю этот город вяземый','2000-05-25 12:15:15'),(39,39,39,'Пусть протух он и пусть погряз','2011-10-13 09:39:17'),(40,40,40,'Золотая дремотная азия опустилась на куполах','2002-02-07 18:54:17'),(41,41,41,'Старый пес мой давно издох','2001-05-27 17:57:16'),(42,42,42,'На москвоских изогнутых улицах помреть знать судил мне бог','1972-07-10 00:28:23'),(43,43,43,'Старый дом мой давно сутулился','1994-10-18 00:22:46'),(44,44,44,'Я люблю этот город вяземый','1983-07-20 16:03:32'),(45,45,45,'Пусть протух он и пусть погряз','1983-12-02 19:32:44'),(46,46,46,'Я люблю этот город вяземый','1999-09-03 20:06:44'),(47,47,47,'Я люблю этот город вяземый','1973-10-27 12:54:53'),(48,48,48,'На москвоских изогнутых улицах помреть знать судил мне бог','2018-09-02 21:09:36'),(49,49,49,'Золотая дремотная азия опустилась на куполах','1978-11-19 04:41:30'),(50,50,50,'Пусть протух он и пусть погряз','1994-03-13 08:08:46'),(51,51,51,'Старый пес мой давно издох','2003-11-18 18:12:30'),(52,52,52,'На москвоских изогнутых улицах помреть знать судил мне бог','1997-03-27 14:42:35'),(53,53,53,'Я люблю этот город вяземый','1981-10-01 03:47:08'),(54,54,54,'Пусть протух он и пусть погряз','1982-12-06 17:23:49'),(55,55,55,'Старый пес мой давно издох','1980-10-23 06:58:49'),(56,56,56,'Я люблю этот город вяземый','1979-03-16 02:46:06'),(57,57,57,'Пусть протух он и пусть погряз','1978-01-26 14:22:15'),(58,58,58,'Старый дом мой давно сутулился','2020-12-23 21:37:04'),(59,59,59,'Золотая дремотная азия опустилась на куполах','2019-11-25 13:27:12'),(60,60,60,'Золотая дремотная азия опустилась на куполах','1975-02-26 22:22:06'),(61,61,61,'Старый дом мой давно сутулился','1991-04-01 05:15:15'),(62,62,62,'Пусть протух он и пусть погряз','1974-04-14 05:09:04'),(63,63,63,'На москвоских изогнутых улицах помреть знать судил мне бог','2020-12-24 02:16:28'),(64,64,64,'Я люблю этот город вяземый','2017-07-30 18:04:08'),(65,65,65,'Золотая дремотная азия опустилась на куполах','2002-09-13 09:54:42'),(66,66,66,'Я люблю этот город вяземый','2020-03-17 23:21:37'),(67,67,67,'Золотая дремотная азия опустилась на куполах','2019-12-30 19:20:19'),(68,68,68,'Старый дом мой давно сутулился','1983-08-06 01:41:40'),(69,69,69,'Золотая дремотная азия опустилась на куполах','1970-01-16 05:39:38'),(70,70,70,'На москвоских изогнутых улицах помреть знать судил мне бог','2020-11-28 04:10:42'),(71,71,71,'Я люблю этот город вяземый','2003-12-09 04:21:52'),(72,72,72,'Я люблю этот город вяземый','2019-02-01 13:58:29'),(73,73,73,'Старый дом мой давно сутулился','2015-06-12 07:03:12'),(74,74,74,'Старый пес мой давно издох','1974-08-19 13:09:52'),(75,75,75,'На москвоских изогнутых улицах помреть знать судил мне бог','1991-10-18 21:35:11'),(76,76,76,'На москвоских изогнутых улицах помреть знать судил мне бог','2012-06-07 15:43:11'),(77,77,77,'Золотая дремотная азия опустилась на куполах','2009-06-25 16:20:11'),(78,78,78,'Старый пес мой давно издох','1971-03-29 20:42:39'),(79,79,79,'Золотая дремотная азия опустилась на куполах','1971-08-26 17:02:58'),(80,80,80,'Пусть протух он и пусть погряз','1972-04-19 05:20:41'),(81,81,81,'Я люблю этот город вяземый','1980-01-23 10:15:22'),(82,82,82,'Я люблю этот город вяземый','2013-02-03 08:25:10'),(83,83,83,'Старый дом мой давно сутулился','2013-03-28 18:32:56'),(84,84,84,'Пусть протух он и пусть погряз','2020-05-24 13:41:21'),(85,85,85,'Пусть протух он и пусть погряз','1984-12-12 06:49:42'),(86,86,86,'На москвоских изогнутых улицах помреть знать судил мне бог','2018-05-15 17:44:52'),(87,87,87,'Старый дом мой давно сутулился','1994-06-04 08:51:18'),(88,88,88,'Старый пес мой давно издох','2019-08-20 15:31:00'),(89,89,89,'Я люблю этот город вяземый','1974-05-15 16:37:50'),(90,90,90,'Я люблю этот город вяземый','2014-10-14 13:29:14'),(91,91,91,'Старый пес мой давно издох','1981-01-22 12:53:59'),(92,92,92,'Золотая дремотная азия опустилась на куполах','1994-09-20 09:30:25'),(93,93,93,'На москвоских изогнутых улицах помреть знать судил мне бог','1978-08-21 03:54:14'),(94,94,94,'Я люблю этот город вяземый','1985-03-18 18:45:50'),(95,95,95,'Старый дом мой давно сутулился','2018-11-03 05:53:11'),(96,96,96,'Я люблю этот город вяземый','1977-10-18 23:04:35'),(97,97,97,'Старый дом мой давно сутулился','1990-06-08 05:48:45'),(98,98,98,'Пусть протух он и пусть погряз','1977-09-25 00:15:44'),(99,99,99,'Пусть протух он и пусть погряз','1977-09-08 11:07:19'),(100,100,100,'Золотая дремотная азия опустилась на куполах','1993-05-02 05:22:10');
/*!40000 ALTER TABLE `messages` ENABLE KEYS */;
UNLOCK TABLES;

--
-- Table structure for table `photo_albums`
--

DROP TABLE IF EXISTS `photo_albums`;
/*!40101 SET @saved_cs_client     = @@character_set_client */;
/*!40101 SET character_set_client = utf8 */;
CREATE TABLE `photo_albums` (
  `id` bigint(20) unsigned NOT NULL AUTO_INCREMENT,
  `name` varchar(255) COLLATE utf8mb4_unicode_ci DEFAULT NULL,
  `user_id` bigint(20) unsigned DEFAULT NULL,
  PRIMARY KEY (`id`),
  UNIQUE KEY `id` (`id`),
  KEY `user_id` (`user_id`),
  CONSTRAINT `photo_albums_ibfk_1` FOREIGN KEY (`user_id`) REFERENCES `users` (`id`) ON DELETE SET NULL ON UPDATE CASCADE
) ENGINE=InnoDB AUTO_INCREMENT=101 DEFAULT CHARSET=utf8mb4 COLLATE=utf8mb4_unicode_ci;
/*!40101 SET character_set_client = @saved_cs_client */;

--
-- Dumping data for table `photo_albums`
--

LOCK TABLES `photo_albums` WRITE;
/*!40000 ALTER TABLE `photo_albums` DISABLE KEYS */;
INSERT INTO `photo_albums` VALUES (1,'Работа',1),(2,'Дорога',2),(3,'Семья',3),(4,'Путешествия',4),(5,'Семья',5),(6,'Отдых',6),(7,'Путешествия',7),(8,'Семья',8),(9,'Путешествия',9),(10,'Семья',10),(11,'Путешествия',11),(12,'Путешествия',12),(13,'Путешествия',13),(14,'Путешествия',14),(15,'Путешествия',15),(16,'Работа',16),(17,'Отдых',17),(18,'Путешествия',18),(19,'Семья',19),(20,'Работа',20),(21,'Работа',21),(22,'Отдых',22),(23,'Путешествия',23),(24,'Семья',24),(25,'Семья',25),(26,'Дорога',26),(27,'Отдых',27),(28,'Семья',28),(29,'Дорога',29),(30,'Отдых',30),(31,'Работа',31),(32,'Отдых',32),(33,'Семья',33),(34,'Работа',34),(35,'Семья',35),(36,'Отдых',36),(37,'Дорога',37),(38,'Работа',38),(39,'Дорога',39),(40,'Дорога',40),(41,'Работа',41),(42,'Семья',42),(43,'Путешествия',43),(44,'Семья',44),(45,'Работа',45),(46,'Семья',46),(47,'Отдых',47),(48,'Дорога',48),(49,'Работа',49),(50,'Семья',50),(51,'Отдых',51),(52,'Работа',52),(53,'Семья',53),(54,'Дорога',54),(55,'Семья',55),(56,'Дорога',56),(57,'Путешествия',57),(58,'Семья',58),(59,'Работа',59),(60,'Путешествия',60),(61,'Отдых',61),(62,'Семья',62),(63,'Работа',63),(64,'Семья',64),(65,'Отдых',65),(66,'Работа',66),(67,'Семья',67),(68,'Дорога',68),(69,'Отдых',69),(70,'Работа',70),(71,'Семья',71),(72,'Дорога',72),(73,'Дорога',73),(74,'Отдых',74),(75,'Путешествия',75),(76,'Дорога',76),(77,'Отдых',77),(78,'Работа',78),(79,'Семья',79),(80,'Отдых',80),(81,'Отдых',81),(82,'Дорога',82),(83,'Путешествия',83),(84,'Работа',84),(85,'Работа',85),(86,'Работа',86),(87,'Дорога',87),(88,'Работа',88),(89,'Путешествия',89),(90,'Путешествия',90),(91,'Путешествия',91),(92,'Семья',92),(93,'Работа',93),(94,'Отдых',94),(95,'Отдых',95),(96,'Семья',96),(97,'Работа',97),(98,'Дорога',98),(99,'Семья',99),(100,'Отдых',100);
/*!40000 ALTER TABLE `photo_albums` ENABLE KEYS */;
UNLOCK TABLES;

--
-- Table structure for table `photos`
--

DROP TABLE IF EXISTS `photos`;
/*!40101 SET @saved_cs_client     = @@character_set_client */;
/*!40101 SET character_set_client = utf8 */;
CREATE TABLE `photos` (
  `id` bigint(20) unsigned NOT NULL AUTO_INCREMENT,
  `album_id` bigint(20) unsigned NOT NULL,
  `media_id` bigint(20) unsigned NOT NULL,
  PRIMARY KEY (`id`),
  KEY `album_id` (`album_id`),
  KEY `media_id` (`media_id`),
  CONSTRAINT `photos_ibfk_1` FOREIGN KEY (`album_id`) REFERENCES `photo_albums` (`id`) ON DELETE CASCADE ON UPDATE CASCADE,
  CONSTRAINT `photos_ibfk_2` FOREIGN KEY (`media_id`) REFERENCES `media` (`id`) ON DELETE CASCADE ON UPDATE CASCADE
) ENGINE=InnoDB AUTO_INCREMENT=101 DEFAULT CHARSET=utf8mb4 COLLATE=utf8mb4_unicode_ci;
/*!40101 SET character_set_client = @saved_cs_client */;

--
-- Dumping data for table `photos`
--

LOCK TABLES `photos` WRITE;
/*!40000 ALTER TABLE `photos` DISABLE KEYS */;
INSERT INTO `photos` VALUES (1,1,1),(2,2,2),(3,3,3),(4,4,4),(5,5,5),(6,6,6),(7,7,7),(8,8,8),(9,9,9),(10,10,10),(11,11,11),(12,12,12),(13,13,13),(14,14,14),(15,15,15),(16,16,16),(17,17,17),(18,18,18),(19,19,19),(20,20,20),(21,21,21),(22,22,22),(23,23,23),(24,24,24),(25,25,25),(26,26,26),(27,27,27),(28,28,28),(29,29,29),(30,30,30),(31,31,31),(32,32,32),(33,33,33),(34,34,34),(35,35,35),(36,36,36),(37,37,37),(38,38,38),(39,39,39),(40,40,40),(41,41,41),(42,42,42),(43,43,43),(44,44,44),(45,45,45),(46,46,46),(47,47,47),(48,48,48),(49,49,49),(50,50,50),(51,51,51),(52,52,52),(53,53,53),(54,54,54),(55,55,55),(56,56,56),(57,57,57),(58,58,58),(59,59,59),(60,60,60),(61,61,61),(62,62,62),(63,63,63),(64,64,64),(65,65,65),(66,66,66),(67,67,67),(68,68,68),(69,69,69),(70,70,70),(71,71,71),(72,72,72),(73,73,73),(74,74,74),(75,75,75),(76,76,76),(77,77,77),(78,78,78),(79,79,79),(80,80,80),(81,81,81),(82,82,82),(83,83,83),(84,84,84),(85,85,85),(86,86,86),(87,87,87),(88,88,88),(89,89,89),(90,90,90),(91,91,91),(92,92,92),(93,93,93),(94,94,94),(95,95,95),(96,96,96),(97,97,97),(98,98,98),(99,99,99),(100,100,100);
/*!40000 ALTER TABLE `photos` ENABLE KEYS */;
UNLOCK TABLES;

--
-- Table structure for table `posts`
--

DROP TABLE IF EXISTS `posts`;
/*!40101 SET @saved_cs_client     = @@character_set_client */;
/*!40101 SET character_set_client = utf8 */;
CREATE TABLE `posts` (
  `id` bigint(20) unsigned NOT NULL AUTO_INCREMENT,
  `name` varchar(30) COLLATE utf8mb4_unicode_ci NOT NULL,
  `descript` varchar(30) COLLATE utf8mb4_unicode_ci NOT NULL,
  `content` varchar(30) COLLATE utf8mb4_unicode_ci NOT NULL,
  `author` varchar(20) COLLATE utf8mb4_unicode_ci DEFAULT NULL,
  `post_id` bigint(20) unsigned NOT NULL,
  `created_at` datetime DEFAULT current_timestamp(),
  PRIMARY KEY (`id`),
  KEY `post_id` (`post_id`),
  CONSTRAINT `posts_ibfk_1` FOREIGN KEY (`post_id`) REFERENCES `users` (`id`) ON DELETE CASCADE ON UPDATE CASCADE
) ENGINE=InnoDB AUTO_INCREMENT=101 DEFAULT CHARSET=utf8mb4 COLLATE=utf8mb4_unicode_ci;
/*!40101 SET character_set_client = @saved_cs_client */;

--
-- Dumping data for table `posts`
--

LOCK TABLES `posts` WRITE;
/*!40000 ALTER TABLE `posts` DISABLE KEYS */;
INSERT INTO `posts` VALUES (1,'Политика','РРР','DDD','Anonimus',1,'1972-12-15 04:53:13'),(2,'90-е','ЩЩЩ','LLL','Anonimus',2,'2012-01-09 13:30:28'),(3,'90-е','ХХХ','','Unknown',3,'1980-04-23 19:05:10'),(4,'Пранк','ИИИ','VVV','Public',4,'1999-06-19 18:59:53'),(5,'Горячии точки','ГГГ','OOO','Private',5,'2001-06-09 05:10:56'),(6,'Украина','ЖЖЖ','YYY','Public',6,'2001-07-09 03:33:15'),(7,'Новости','ККК','DDD','Public',7,'1977-09-16 20:55:18'),(8,'90-е','ДДД','OOO','Private',8,'1999-05-24 16:03:58'),(9,'Пранк','ЧЧЧ','HHH','Public',9,'2021-03-21 14:32:52'),(10,'90-е','БББ','ZZZ','Anonimus',10,'1987-01-07 22:49:37'),(11,'Реклама','ССС','HHH','Unknown',11,'1978-08-26 14:11:40'),(12,'Концерты','ЧЧЧ','III','Private',12,'1975-10-06 05:55:51'),(13,'Украина','УУУ','QQQ','Anonimus',13,'2004-05-07 02:46:11'),(14,'Концерты','ЖЖЖ','VVV','Private',14,'2006-06-06 06:08:23'),(15,'Новости','ЛЛЛ','AAA','Anonimus',15,'1993-06-06 15:12:30'),(16,'Новости','ЕЕЕ','NNN','Private',16,'2001-09-12 21:00:43'),(17,'Политика','ГГГ','YYY','Anonimus',17,'1995-10-14 06:55:52'),(18,'Житие мое','ЛЛЛ','VVV','Unknown',18,'1972-12-01 23:25:39'),(19,'Концерты','ККК','TTT','Unknown',19,'1987-09-11 18:06:49'),(20,'90-е','УУУ','RRR','Unknown',20,'1978-08-12 01:59:39'),(21,'НЛО','РРР','HHH','Public',21,'2015-10-22 18:47:07'),(22,'Новости','ШШШ','AAA','Private',22,'1971-08-27 19:32:21'),(23,'Горячии точки','МММ','PPP','Anonimus',23,'2019-01-12 21:16:08'),(24,'ЗОЖ','БББ','QQQ','Private',24,'1985-02-20 21:33:51'),(25,'Горячии точки','ЙЙЙ','VVV','Anonimus',25,'1973-01-05 14:08:17'),(26,'ЗОЖ','ННН','RRR','Public',26,'1970-07-02 11:13:20'),(27,'НЛО','ЮЮЮ','WWW','Public',27,'1989-09-22 22:10:27'),(28,'Концерты','ЩЩЩ','III','Private',28,'2011-01-02 11:25:06'),(29,'Концерты','МММ','SSS','Unknown',29,'2004-07-14 00:20:22'),(30,'90-е','ААА','XXX','Unknown',30,'1991-11-15 13:31:27'),(31,'90-е','ЕЕЕ','TTT','Anonimus',31,'1998-08-02 18:37:20'),(32,'Житие мое','ЩЩЩ','PPP','Public',32,'2013-10-03 05:26:11'),(33,'Концерты','ЙЙЙ','JJJ','Private',33,'1989-08-06 07:18:42'),(34,'Житие мое','ЛЛЛ','DDD','Unknown',34,'1981-02-23 17:23:43'),(35,'Горячии точки','ИИИ','FFF','Anonimus',35,'2015-08-29 22:38:02'),(36,'Украина','ТТТ','FFF','Public',36,'2014-07-29 17:51:20'),(37,'Реклама','ТТТ','TTT','Anonimus',37,'2008-04-03 23:21:30'),(38,'Политика','ЖЖЖ','ZZZ','Anonimus',38,'1985-12-22 12:55:55'),(39,'Горячии точки','ЕЕЕ','LLL','Anonimus',39,'1978-11-08 23:34:58'),(40,'90-е','РРР','HHH','Anonimus',40,'1981-10-22 19:39:11'),(41,'Концерты','ЗЗЗ','JJJ','Private',41,'1976-10-20 09:08:53'),(42,'Пранк','ЗЗЗ','KKK','Private',42,'1979-09-06 04:29:32'),(43,'Горячии точки','ЗЗЗ','XXX','Anonimus',43,'1970-06-20 23:05:56'),(44,'90-е','ЕЕЕ','LLL','Public',44,'1985-07-18 08:23:53'),(45,'Пранк','ГГГ','','Unknown',45,'2016-11-14 21:27:29'),(46,'НЛО','ЙЙЙ','GGG','Public',46,'1995-04-01 02:25:56'),(47,'Житие мое','ЕЕЕ','OOO','Unknown',47,'2017-03-06 04:14:02'),(48,'Реклама','ЙЙЙ','JJJ','Anonimus',48,'2008-03-30 15:12:43'),(49,'90-е','ЙЙЙ','PPP','Public',49,'2003-03-06 16:19:02'),(50,'Горячии точки','ХХХ','JJJ','Private',50,'2009-06-02 05:31:42'),(51,'Украина','ДДД','BBB','Unknown',51,'1999-10-11 17:57:43'),(52,'Концерты','МММ','YYY','Private',52,'2016-10-14 00:01:19'),(53,'Пранк','ЗЗЗ','XXX','Public',53,'2016-12-17 18:12:19'),(54,'Пранк','ЧЧЧ','BBB','Private',54,'1982-10-26 11:34:50'),(55,'Политика','ЩЩЩ','LLL','Unknown',55,'1970-09-06 12:36:29'),(56,'Политика','ННН','WWW','Anonimus',56,'1999-01-12 03:28:21'),(57,'ЗОЖ','ААА','RRR','Unknown',57,'1997-06-18 11:55:49'),(58,'Украина','ГГГ','HHH','Private',58,'1984-08-19 06:32:28'),(59,'Пранк','ЩЩЩ','KKK','Unknown',59,'2016-03-21 06:18:23'),(60,'Пранк','ЕЕЕ','AAA','Unknown',60,'1982-11-01 22:31:46'),(61,'Концерты','ССС','EEE','Private',61,'2008-11-19 20:57:13'),(62,'Концерты','ДДД','III','Private',62,'1987-12-07 18:40:33'),(63,'Концерты','ЕЕЕ','XXX','Public',63,'1970-12-28 17:03:26'),(64,'Политика','ТТТ','EEE','Public',64,'1976-04-03 13:40:00'),(65,'Политика','ХХХ','NNN','Anonimus',65,'1999-07-07 03:11:14'),(66,'Концерты','БББ','UUU','Private',66,'2002-04-19 19:33:49'),(67,'Житие мое','ССС','ZZZ','Public',67,'2020-11-24 14:42:01'),(68,'НЛО','БББ','MMM','Private',68,'1991-04-15 07:47:28'),(69,'НЛО','ЧЧЧ','XXX','Public',69,'1979-05-08 13:18:47'),(70,'ЗОЖ','ЕЕЕ','QQQ','Private',70,'2016-02-08 05:14:06'),(71,'НЛО','ХХХ','III','Public',71,'1977-02-07 18:50:14'),(72,'Украина','ЙЙЙ','ZZZ','Public',72,'2019-11-03 03:49:36'),(73,'Пранк','ЕЕЕ','BBB','Anonimus',73,'1978-12-24 02:27:07'),(74,'Пранк','ЧЧЧ','FFF','Unknown',74,'2003-04-15 02:12:46'),(75,'90-е','ССС','JJJ','Private',75,'1996-01-24 18:05:40'),(76,'Пранк','МММ','VVV','Unknown',76,'1981-06-11 17:17:28'),(77,'Концерты','ЕЕЕ','TTT','Public',77,'1977-04-19 01:55:24'),(78,'Пранк','ТТТ','','Unknown',78,'1986-12-21 06:33:03'),(79,'Концерты','ДДД','DDD','Unknown',79,'1992-01-21 12:25:09'),(80,'НЛО','ТТТ','III','Public',80,'1971-03-26 06:36:39'),(81,'90-е','БББ','VVV','Unknown',81,'1977-04-07 12:29:42'),(82,'Житие мое','ЙЙЙ','OOO','Private',82,'2015-05-05 08:10:49'),(83,'Новости','ИИИ','DDD','Anonimus',83,'2004-11-16 09:41:09'),(84,'Концерты','ССС','QQQ','Private',84,'2011-07-17 09:06:13'),(85,'Реклама','УУУ','GGG','Unknown',85,'1996-11-29 12:53:17'),(86,'НЛО','ДДД','EEE','Anonimus',86,'2004-01-12 07:06:14'),(87,'Новости','ЛЛЛ','BBB','Public',87,'1993-10-24 14:15:00'),(88,'ЗОЖ','ЮЮЮ','OOO','Anonimus',88,'1987-09-19 22:50:45'),(89,'ЗОЖ','РРР','III','Unknown',89,'2013-12-10 21:55:30'),(90,'Горячии точки','МММ','VVV','Unknown',90,'1984-01-20 15:16:49'),(91,'Концерты','УУУ','HHH','Public',91,'1976-01-08 01:06:21'),(92,'Новости','ИИИ','XXX','Private',92,'1972-06-18 07:48:02'),(93,'Реклама','ЕЕЕ','KKK','Private',93,'2013-01-22 14:02:14'),(94,'Пранк','ДДД','XXX','Public',94,'1980-02-21 05:46:27'),(95,'Реклама','ЯЯЯ','KKK','Unknown',95,'1990-10-04 03:18:06'),(96,'ЗОЖ','ХХХ','NNN','Unknown',96,'1973-07-13 23:12:31'),(97,'Концерты','ННН','RRR','Public',97,'1986-07-12 16:41:45'),(98,'Концерты','ТТТ','VVV','Private',98,'1983-09-06 21:11:13'),(99,'НЛО','ЕЕЕ','UUU','Unknown',99,'2017-01-05 14:41:14'),(100,'Пранк','ЧЧЧ','EEE','Anonimus',100,'1982-08-08 20:40:31');
/*!40000 ALTER TABLE `posts` ENABLE KEYS */;
UNLOCK TABLES;

--
-- Table structure for table `profiles`
--

DROP TABLE IF EXISTS `profiles`;
/*!40101 SET @saved_cs_client     = @@character_set_client */;
/*!40101 SET character_set_client = utf8 */;
CREATE TABLE `profiles` (
  `user_id` bigint(20) unsigned NOT NULL AUTO_INCREMENT,
  `gender` char(1) COLLATE utf8mb4_unicode_ci DEFAULT NULL,
  `birthday` date DEFAULT NULL,
  `photo_id` bigint(20) unsigned DEFAULT NULL,
  `created_at` datetime DEFAULT current_timestamp(),
  `hometown` varchar(100) COLLATE utf8mb4_unicode_ci DEFAULT NULL,
  PRIMARY KEY (`user_id`),
  KEY `fk_photo_id` (`photo_id`),
  CONSTRAINT `fk_photo_id` FOREIGN KEY (`photo_id`) REFERENCES `photos` (`id`) ON DELETE SET NULL ON UPDATE CASCADE,
  CONSTRAINT `fk_user_id` FOREIGN KEY (`user_id`) REFERENCES `users` (`id`) ON DELETE CASCADE ON UPDATE CASCADE
) ENGINE=InnoDB AUTO_INCREMENT=101 DEFAULT CHARSET=utf8mb4 COLLATE=utf8mb4_unicode_ci;
/*!40101 SET character_set_client = @saved_cs_client */;

--
-- Dumping data for table `profiles`
--

LOCK TABLES `profiles` WRITE;
/*!40000 ALTER TABLE `profiles` DISABLE KEYS */;
INSERT INTO `profiles` VALUES (1,'M','2009-12-18',1,'1985-03-04 21:59:55',NULL),(2,'M','1977-07-30',2,'1973-10-02 05:54:47',NULL),(3,'M','1970-09-05',3,'1972-06-28 05:59:41',NULL),(4,'M','2013-01-03',4,'1971-06-05 06:36:04',NULL),(5,'M','2008-12-24',5,'2012-04-19 01:30:41',NULL),(6,'M','1982-05-13',6,'1978-10-28 23:45:11',NULL),(7,'M','1974-10-01',7,'2010-12-24 15:45:59',NULL),(8,'F','2013-10-30',8,'1990-01-30 03:45:58',NULL),(9,'M','2017-07-30',9,'1979-04-24 22:57:56',NULL),(10,'F','1983-01-28',10,'1990-10-14 11:33:55',NULL),(11,'M','1974-01-08',11,'1992-03-28 06:37:02',NULL),(12,'F','1985-02-09',12,'2008-10-23 09:21:26',NULL),(13,'F','1974-08-06',13,'1986-03-28 23:10:51',NULL),(14,'M','2005-09-12',14,'1979-02-27 07:57:11',NULL),(15,'M','1973-10-20',15,'2007-03-27 17:41:57',NULL),(16,'F','1999-08-20',16,'1974-04-16 14:25:39',NULL),(17,'F','1973-07-20',17,'2016-07-30 06:06:09',NULL),(18,'M','2013-10-15',18,'2001-12-05 07:26:03',NULL),(19,'F','2000-10-04',19,'1990-04-02 20:47:27',NULL),(20,'M','1973-03-07',20,'1996-03-24 14:49:38',NULL),(21,'F','1986-09-15',21,'1992-03-06 19:23:28',NULL),(22,'M','1990-02-02',22,'1972-04-17 18:29:04',NULL),(23,'M','2006-04-29',23,'1986-09-24 19:22:44',NULL),(24,'F','2000-09-22',24,'2009-06-04 03:59:22',NULL),(25,'F','1995-09-01',25,'2013-06-19 00:52:50',NULL),(26,'F','1974-10-10',26,'1991-12-06 09:25:59',NULL),(27,'M','1977-11-04',27,'2001-09-02 11:33:41',NULL),(28,'M','2005-05-22',28,'1985-06-11 16:57:56',NULL),(29,'F','1985-06-05',29,'2013-06-25 00:16:30',NULL),(30,'F','1979-01-01',30,'1984-11-15 06:15:03',NULL),(31,'F','1982-11-30',31,'1973-03-07 05:34:22',NULL),(32,'M','2019-11-30',32,'1977-07-25 01:01:34',NULL),(33,'F','1971-08-18',33,'1998-02-16 00:24:37',NULL),(34,'M','1970-04-08',34,'2006-02-21 22:22:36',NULL),(35,'F','2015-10-03',35,'2006-09-06 22:59:38',NULL),(36,'M','1970-07-11',36,'2011-03-16 02:24:58',NULL),(37,'M','1987-03-19',37,'1977-09-05 10:44:03',NULL),(38,'F','1998-08-03',38,'2013-02-08 07:27:44',NULL),(39,'F','2021-11-04',39,'1996-09-17 17:55:53',NULL),(40,'F','1977-09-09',40,'1990-04-14 12:59:47',NULL),(41,'M','1997-12-18',41,'1982-01-07 07:57:50',NULL),(42,'M','2001-05-02',42,'1991-11-08 04:39:16',NULL),(43,'F','2017-09-15',43,'2017-12-08 16:31:29',NULL),(44,'M','2008-09-13',44,'1995-12-07 17:27:52',NULL),(45,'F','2010-06-12',45,'2000-04-14 13:41:48',NULL),(46,'M','2011-11-15',46,'1979-05-15 19:11:58',NULL),(47,'F','2020-01-15',47,'2011-02-14 17:32:00',NULL),(48,'F','1988-05-04',48,'1988-05-06 03:53:43',NULL),(49,'F','1983-01-21',49,'1979-08-29 02:14:10',NULL),(50,'M','1987-06-12',50,'1994-08-21 07:49:24',NULL),(51,'M','1978-05-05',51,'1978-12-17 22:15:47',NULL),(52,'M','1974-10-05',52,'2010-07-17 14:19:53',NULL),(53,'F','1996-07-18',53,'2005-09-29 07:27:02',NULL),(54,'M','1974-01-01',54,'1978-06-17 08:22:21',NULL),(55,'M','2019-11-11',55,'2017-04-09 10:41:34',NULL),(56,'F','2005-09-20',56,'2000-04-09 00:13:00',NULL),(57,'M','1994-04-27',57,'1988-02-03 10:35:34',NULL),(58,'M','1997-09-07',58,'1983-04-20 23:38:55',NULL),(59,'M','2021-10-18',59,'2004-06-27 14:48:59',NULL),(60,'M','2016-11-06',60,'1977-06-22 12:33:59',NULL),(61,'F','1978-08-07',61,'2004-06-15 04:11:19',NULL),(62,'M','1972-06-29',62,'1995-03-30 21:49:11',NULL),(63,'M','2019-05-09',63,'2008-04-11 07:00:07',NULL),(64,'M','2003-01-18',64,'1977-07-30 05:35:26',NULL),(65,'M','1997-02-22',65,'2004-09-28 20:33:18',NULL),(66,'M','1999-10-04',66,'2008-09-22 14:29:54',NULL),(67,'M','1989-01-09',67,'2001-02-03 06:07:02',NULL),(68,'F','1997-02-11',68,'1999-04-02 10:57:19',NULL),(69,'F','1984-01-10',69,'1974-10-06 05:05:03',NULL),(70,'F','1991-11-04',70,'2010-04-25 15:59:21',NULL),(71,'F','1996-04-28',71,'1996-08-23 03:55:21',NULL),(72,'M','1983-03-19',72,'1996-04-10 09:55:41',NULL),(73,'F','1997-01-17',73,'1980-09-04 21:54:54',NULL),(74,'M','1979-03-16',74,'2019-12-31 15:34:10',NULL),(75,'F','2008-01-15',75,'2009-09-05 07:18:43',NULL),(76,'M','1971-10-21',76,'2018-01-10 12:54:42',NULL),(77,'F','1980-09-19',77,'1973-03-30 06:20:40',NULL),(78,'M','2019-09-09',78,'2003-09-11 05:55:17',NULL),(79,'M','1991-01-13',79,'1973-07-20 06:56:59',NULL),(80,'F','1999-05-03',80,'1974-02-15 17:54:57',NULL),(81,'F','1991-09-06',81,'1996-09-03 02:24:05',NULL),(82,'M','2020-02-17',82,'1971-07-31 14:33:54',NULL),(83,'F','1987-04-06',83,'1971-06-27 23:22:03',NULL),(84,'F','1988-12-19',84,'1977-03-12 03:22:32',NULL),(85,'M','1973-07-13',85,'1989-06-02 11:56:14',NULL),(86,'M','2021-08-26',86,'1976-01-14 16:57:24',NULL),(87,'M','1971-12-19',87,'1974-12-14 10:10:32',NULL),(88,'F','1984-09-30',88,'1976-08-11 16:18:37',NULL),(89,'F','2010-11-14',89,'1986-05-19 08:34:07',NULL),(90,'F','1985-11-07',90,'2019-03-02 22:08:26',NULL),(91,'F','1977-12-03',91,'2019-01-11 03:19:26',NULL),(92,'M','2011-10-11',92,'1991-09-26 05:40:27',NULL),(93,'F','1981-03-29',93,'1987-12-10 18:15:06',NULL),(94,'M','2000-10-11',94,'2017-11-14 00:58:55',NULL),(95,'M','1986-06-29',95,'1999-11-16 01:53:51',NULL),(96,'F','1978-08-22',96,'1970-11-09 09:05:33',NULL),(97,'F','2000-02-13',97,'1989-09-21 15:02:39',NULL),(98,'F','2001-05-21',98,'1997-03-19 10:39:33',NULL),(99,'F','2002-07-15',99,'1989-02-04 08:09:19',NULL),(100,'F','2020-05-06',100,'1975-08-03 22:05:01',NULL);
/*!40000 ALTER TABLE `profiles` ENABLE KEYS */;
UNLOCK TABLES;

--
-- Table structure for table `users`
--

DROP TABLE IF EXISTS `users`;
/*!40101 SET @saved_cs_client     = @@character_set_client */;
/*!40101 SET character_set_client = utf8 */;
CREATE TABLE `users` (
  `id` bigint(20) unsigned NOT NULL AUTO_INCREMENT,
  `firstname` varchar(100) COLLATE utf8mb4_unicode_ci DEFAULT NULL,
  `lastname` varchar(100) COLLATE utf8mb4_unicode_ci DEFAULT NULL COMMENT 'Фамилия',
  `email` varchar(100) COLLATE utf8mb4_unicode_ci DEFAULT NULL,
  `password_hash` varchar(100) COLLATE utf8mb4_unicode_ci DEFAULT NULL,
  `phone` bigint(20) DEFAULT NULL,
  `is_deleted` bit(1) DEFAULT b'0',
  PRIMARY KEY (`id`),
  UNIQUE KEY `email` (`email`),
  KEY `users_firstname_lastname_idx` (`firstname`,`lastname`)
) ENGINE=InnoDB AUTO_INCREMENT=101 DEFAULT CHARSET=utf8mb4 COLLATE=utf8mb4_unicode_ci;
/*!40101 SET character_set_client = @saved_cs_client */;

--
-- Dumping data for table `users`
--

LOCK TABLES `users` WRITE;
/*!40000 ALTER TABLE `users` DISABLE KEYS */;
INSERT INTO `users` VALUES (1,'Tyrique','Douglas','mertz.ericka@example.org','b981d7647eb205a9ebdc4a4c8898cc8f890729d8',91943177586,''),(2,'Elmira','Lindgren','gaylord16@example.com','07d22a8e0a64157037c24cbe6a36de9d75f39b2d',90172977699,'\0'),(3,'Makayla','Schmeler','schiller.dora@example.com','ff4296ef7ee580cd8d6063859fd31514d78abfc8',90592649472,'\0'),(4,'Cassandre','Stracke','oswaldo89@example.com','552952403b29b76bbd0d964c087d10cfa44b335d',92721619328,''),(5,'Oral','Cronin','sauer.benedict@example.com','f3605eb2cc048f7f3ed15b229a6a2df08608edeb',99860314707,''),(6,'Heidi','Hartmann','strosin.nyah@example.com','68a43906361594a56663671dffc117d6f9106589',92149072709,'\0'),(7,'Jamey','Gaylord','botsford.gilbert@example.org','c2e8f76f85cd25f39aa81764c7163c6bae2e9ca8',90820825850,''),(8,'Aisha','Schroeder','lconn@example.net','ea2b7b47364a3cf65a9406ca56231e9a21776380',97361445662,'\0'),(9,'Lorena','Kuhlman','kthiel@example.net','a6d2999681aa41349c4719a6c7690dca584116cf',90552903218,'\0'),(10,'Ethel','Wuckert','so\'hara@example.com','74ab1385ba3200619cca3f703fb6b5e25a3b2ce0',93765404985,'\0'),(11,'Renee','Kuhn','sonia.homenick@example.com','b2e87af8e8022e13126e90e5d0a044443ad48065',92753363886,'\0'),(12,'Lisette','Hamill','tremayne44@example.net','77685984d3828e96f65b4d2b601f55442403cd04',90146940937,'\0'),(13,'Garth','Stoltenberg','buford99@example.com','5a46ba94217ab59e09c05c9cf7597395a9617bb6',94003478090,''),(14,'Ayden','Olson','predovic.tatum@example.org','57d194094aab9d2438a8956f984d0eee4254534a',91776026288,'\0'),(15,'Vance','Tillman','tyler.kertzmann@example.org','bcef3a9486986c816946b399e67e5416e692d03f',92082309048,'\0'),(16,'Darlene','Abernathy','hwhite@example.com','f87c17db5c0b4b2908830f08cdc8c5ebb6a52a96',92555019805,''),(17,'Dan','Gleichner','metz.drake@example.com','aa54e0e963422abe548bf2e9d159cc1b7ebaed6e',92766421843,'\0'),(18,'Karelle','Sanford','fdouglas@example.net','5b1bc23bd3468233ce543a1e3ce413171fdb1bd1',99672767007,''),(19,'Emerald','Swift','rjohnston@example.com','65607bb3f2f90803957463b158ae7b1227a24d6c',94718533207,''),(20,'Tate','Herzog','rdenesik@example.net','fae018995cc45b380888563ded78652c5492e3d2',94873124409,''),(21,'Laila','Adams','carter.luella@example.org','08f5409aab360c7c8eda0a7ef74c39fdd02f0f1b',97410952736,''),(22,'Haleigh','Littel','nboyle@example.com','1e047ac73cef0bd5210267b44f3a2f09a4d44d45',99650755859,''),(23,'Serena','Beer','hagenes.isai@example.org','61818d794cf72fb52c4ffdad8851f68182e3dfc6',97175622376,'\0'),(24,'Karolann','Waters','kuphal.clint@example.com','ac25a2d794cae31f42dc5dd148a304891386572d',98981822975,''),(25,'Rene','Shanahan','taya84@example.org','9ff4840ce1c1108f12c126eb0c9fa42bc3664789',91461749799,'\0'),(26,'Vivien','Wilkinson','shany14@example.com','724be9375615301e35abd0c870e03281bc676d3f',93971692642,''),(27,'Jacinthe','Wiza','pjones@example.net','15caec535e41fca04f13ed44568b6b0a133b75e8',91394359675,'\0'),(28,'Kian','Mohr','keebler.rickie@example.com','f4dad81e3083cbe18535c3d7cae286075a19c8a6',99018054608,'\0'),(29,'Salma','Sawayn','myriam.spencer@example.com','2319e735e493ddd0fd058b25b9c368b06831ecc6',90088656219,'\0'),(30,'Erick','Parisian','miller.kamryn@example.com','76d59ca2207f4032c81bbef59a592cd4f012c9a4',93705445469,''),(31,'Haley','Muller','cyrus.muller@example.org','3a16dd41d2a3ff796170bb493364c613ff50b756',98490154215,'\0'),(32,'Anabelle','Predovic','schumm.boyd@example.org','7c2f0533ec0dc0cf7369a0c0ea60127e3efd4311',99524589641,'\0'),(33,'Danny','Wintheiser','omoen@example.net','d31567aba1c10f4f1c01ca8662fa3e5d466c95d9',97112631763,''),(34,'Rachael','Kautzer','zspencer@example.net','6be3633b266b7ab837ddbf77d99bd37c6f32c3f8',99802921125,''),(35,'Reilly','Abernathy','candace67@example.com','7b313e77242330fee2fdfc0da0d8a5f1d7a6f055',90819091788,'\0'),(36,'Newell','Friesen','torphy.matt@example.org','ae6def236c3b29d8a86cc26ab8d3574c877ed65d',96145119436,'\0'),(37,'Arnaldo','Bergstrom','eileen21@example.com','943687e70298cc2b5a091fa7551362b84d629869',94704983776,'\0'),(38,'Antonio','Tremblay','schulist.julio@example.com','9497e537fc6a61e13e236f5d11a53c6e925b4985',98149553117,'\0'),(39,'Sandy','Lebsack','meta.dare@example.net','a4824db7281b47d6842fef68820730f04cb2e2c1',93481872758,'\0'),(40,'Anika','Zieme','zmueller@example.org','28e05bf2310a884440d0077683dd8acf1e0bd777',97354798729,'\0'),(41,'Stephanie','Medhurst','mya.bechtelar@example.org','d4cfa67c53efcef9f89ea5b6531fea64a79ab906',94684347163,''),(42,'Jettie','Blick','tyson64@example.org','bb01a105a47ce6e30c50f224335bff3f3500ed1e',92697405895,''),(43,'Gloria','Schuppe','terry.ellie@example.com','f726aa3ddec2ac80845de1d21b569fb316ef0018',92307699067,''),(44,'Mohammed','Fritsch','patience30@example.com','e308fb179d4f245ff54d444beefb8734ee1a0f7a',98030781446,'\0'),(45,'General','Cummerata','florine94@example.net','f67850c06d12d1122f5a487d4419c87d6d160869',91954312688,'\0'),(46,'Alec','Erdman','callie84@example.com','acc53a6b95dd2d700a54d77ad64dbdf60d50a7c8',97386560480,''),(47,'Carmella','Torphy','efriesen@example.net','7d18f21b905567d92a5c085d26a9cd3525d0d17c',94691617919,'\0'),(48,'Kathryne','Lehner','klehner@example.com','456d7ff7227a62446388b8b0433f2511ac86704e',95524036453,'\0'),(49,'Floy','Morar','adriana20@example.org','da69e1bab2ec653066c748e2563bd04d04edc631',92629356721,''),(50,'Keshawn','Becker','penelope.mertz@example.com','41070c472a103f4760740e32839712f3a7bd5cbd',99671349403,''),(51,'Dana','Runolfsson','djohnston@example.com','d136f865cf5a4958013f8568dc943423ca28a689',97957997171,'\0'),(52,'Kim','Emard','emmie.adams@example.com','c5622647ef69733118c7b0fe621899e3f49055ce',90973959603,''),(53,'Hermina','Mosciski','ieichmann@example.com','3ae42b0b87263fbc24a95fe6a0008813715c12b4',90448230454,'\0'),(54,'Margarita','Stehr','doyle27@example.org','aedede42d490a7df2f3f66b9630618685010979c',90597615820,''),(55,'Hunter','Considine','leuschke.antonina@example.net','b9b70b6c96075a3a39e715462fb8a1ace3835003',91841432313,''),(56,'Maye','Wintheiser','keeley43@example.org','6bfc132cb71b7fcaa7f6a206e0c981fab4df198d',95166472864,'\0'),(57,'Zackery','Kling','maurine.boyle@example.org','80607e0e528aba42b679787bbfd59a94ec145297',93740895271,'\0'),(58,'Garry','VonRueden','wanda72@example.org','2746a15d6354a1af60ab3f0702ba1dea0713ea69',95732674261,''),(59,'Barney','Koepp','tturner@example.org','08837549c60c7387849f9dace3988a7eec4342f9',90573628918,''),(60,'Alek','Murray','charlie.o\'connell@example.org','4b2e9777fda4b6352d0266e0045ade01bc64cf00',93714904558,''),(61,'Christiana','Schimmel','sven.langosh@example.com','e8fe17f0a3b4eac3c7bf8b6179e6a500a7b336dc',91205041917,'\0'),(62,'Betsy','Ernser','beatty.ressie@example.com','f3918fee8326eae5ace405b961e5177362fd72d6',97177618721,'\0'),(63,'Aglae','Connelly','nstroman@example.org','8130a4ca88a3e95b86ada3a197cbc5cc95b2d9bd',98341139237,''),(64,'Dora','Bogisich','melissa36@example.net','be16abac36f0e5849421e66484c88a763bb2fcee',92723950768,''),(65,'Garret','Ledner','tyshawn38@example.com','6f52bf235e54aa222469364d176715b753ac560b',91379567339,''),(66,'Edwin','Ferry','marquardt.kiara@example.org','325efeb98593a844081eb8cc0a9c6b4937423e50',90719007184,'\0'),(67,'Marian','West','julianne.wiegand@example.com','c317fa003262e81703b088087fcb9dabdaa20380',98501326375,''),(68,'Dixie','Schuster','ythompson@example.net','d5b0e57dc22b06fb3bf6fcfaf7197c5ebcd3ab8a',94385046304,''),(69,'Laurine','Hegmann','anabelle55@example.org','db604a6a59d299b62bf268dadc3e5e53c738b620',95930439911,''),(70,'Fiona','Corwin','mabel.hintz@example.org','0e4408596e409ace489572e7c47010f2b2dbcb4a',95505846094,''),(71,'Johann','Botsford','estevan32@example.com','bfe88d858c7aa3c83f18df533f66b05952a55530',91390173352,'\0'),(72,'Eudora','Jenkins','daphney46@example.com','8374c5ef907962f81cd638ffe4939117990af3c6',93545663991,''),(73,'Rollin','Bechtelar','rico58@example.com','b1d5650f921b819e21ed1852dc4ebd3bd255d160',98936164136,''),(74,'Abelardo','Conn','melisa.kassulke@example.com','4753cb5596bcc2df0dc512303ff2e05529f0382a',90324129951,'\0'),(75,'Margie','Mohr','cary.durgan@example.com','f8afebbc6257c7a4043fe11480a5e37c834b5b25',92087577224,''),(76,'Emiliano','Stoltenberg','josue08@example.org','eea792c6a70534434ebfd71479eac35c2c0d22e4',95637595651,'\0'),(77,'Kenyon','Luettgen','phickle@example.net','94367994f3102fa7b67cb375a6ecf56e01ca1e08',93719774845,'\0'),(78,'Raoul','Kuhlman','lourdes79@example.org','db13652faee69afc3135a3995308a705cddd957a',90401131842,''),(79,'Payton','Ankunding','zoe.haag@example.com','b8e2123e907f797539b4d4ddfb1db39908d5ee9b',98664159825,''),(80,'Hazel','Borer','pkling@example.org','c18211030270339ed32e83cf1b662ec79b846c68',95975175786,''),(81,'Meghan','VonRueden','klebsack@example.net','1a6de2e0b682229b522b61561e10a60181940ac5',99659214298,'\0'),(82,'Madalyn','Deckow','spencer52@example.com','0e43fbd38c8f67fe26c188ec929d1fbe67d47db7',93733756795,'\0'),(83,'Constantin','Bednar','rjacobi@example.net','6cae564aa2af40df83c5f43f3a61327cfaaddf0c',90095263231,'\0'),(84,'Madelyn','Dickens','taryn.hahn@example.net','0d58b9d1d4b61b49fdd707108e2ff96e7086c031',94052584261,'\0'),(85,'Jaylin','Conn','tyshawn58@example.com','5a14f4acd9bbeaef1060a3d15fef8fb44027f400',93512838354,'\0'),(86,'Aidan','Schumm','alana05@example.org','6f9a69fa9a98dd2878362d258210363c74952352',97321890237,'\0'),(87,'Jazmyne','Swaniawski','henry.abbott@example.com','27101ba376f6e58d299d87aba756c80760f32e6c',98885901667,'\0'),(88,'Freida','Walsh','kbatz@example.com','9919ddd8078417bad31c68df1a1f2a55d99444a0',97474909488,'\0'),(89,'Trenton','Heathcote','jenifer.medhurst@example.net','aa2fcf544df1c5ef195d1bc23f87bc99ea38606a',96618996377,''),(90,'Stewart','Wilderman','pbarrows@example.net','e590e6ea4dd643916e792d240bd763b009edef7d',99612428624,''),(91,'Eugenia','Schmeler','dbernier@example.net','affd7b1462ff3b5da377ea66fe6d74a2ae533b15',96470230871,''),(92,'Fleta','Bauch','langworth.berniece@example.net','901abede22697b81d2cf7449ca77bd5be7ed6ce9',92288830947,''),(93,'Madelyn','Volkman','gerhold.chris@example.net','1145d4208dec429b8696cdfdb35d19dcba376c80',92825464309,'\0'),(94,'Kirstin','Rohan','prosenbaum@example.org','7a24fb6f43858b846676f37b7597ea163c499319',90542787481,'\0'),(95,'Candida','Thiel','brath@example.net','ab2d8e8d43bc03d9119d41e5d1e1436f8118f6df',95445268650,'\0'),(96,'Gordon','Sipes','vada.jones@example.org','d8e7951fc5ce6ce81c516cbfbcd1fe3c972a6437',91528254860,'\0'),(97,'Jamarcus','Parker','claud.kertzmann@example.com','b572198afa7b615e518fd0d5ebb66c1b26bb4f78',96865848045,'\0'),(98,'Myrna','Douglas','melyna.lebsack@example.net','fe4821a57d87f509bd868c221ba7166d5f03b631',95534831790,'\0'),(99,'Bertrand','Feil','verna.satterfield@example.org','20491dea6e2f4993d27c29012ccd59fd66dc1d55',94351050753,''),(100,'Adrain','Ebert','mike.lueilwitz@example.net','a6648d5f3eca68e4aaf974351e325970554a2967',90731178820,'\0');
/*!40000 ALTER TABLE `users` ENABLE KEYS */;
UNLOCK TABLES;

--
-- Table structure for table `users_adress`
--

DROP TABLE IF EXISTS `users_adress`;
/*!40101 SET @saved_cs_client     = @@character_set_client */;
/*!40101 SET character_set_client = utf8 */;
CREATE TABLE `users_adress` (
  `id` bigint(20) unsigned NOT NULL AUTO_INCREMENT,
  `adress` varchar(30) COLLATE utf8mb4_unicode_ci DEFAULT NULL,
  PRIMARY KEY (`id`),
  CONSTRAINT `users_adress_ibfk_1` FOREIGN KEY (`id`) REFERENCES `users` (`id`)
) ENGINE=InnoDB AUTO_INCREMENT=101 DEFAULT CHARSET=utf8mb4 COLLATE=utf8mb4_unicode_ci;
/*!40101 SET character_set_client = @saved_cs_client */;

--
-- Dumping data for table `users_adress`
--

LOCK TABLES `users_adress` WRITE;
/*!40000 ALTER TABLE `users_adress` DISABLE KEYS */;
INSERT INTO `users_adress` VALUES (1,'Якутск'),(2,'СПБ'),(3,'Краснодар'),(4,'СПБ'),(5,'Уфа'),(6,'Новгород'),(7,'Сургут'),(8,'Череповец'),(9,'Сургут'),(10,'Анапа'),(11,'Уфа'),(12,'СПБ'),(13,'Химки'),(14,'Краснодар'),(15,'Сургут'),(16,'Геленджик'),(17,'Сургут'),(18,'Уфа'),(19,'Новгород'),(20,'Ульяновск'),(21,'Вологда'),(22,'Уфа'),(23,'Ульяновск'),(24,'Сургут'),(25,'Смоленск'),(26,'Вологда'),(27,'Екатиренбург'),(28,'Саратов'),(29,'Анапа'),(30,'Сургут'),(31,'Вологда'),(32,'Химки'),(33,'Рязань'),(34,'Саратов'),(35,'Екатиренбург'),(36,'СПБ'),(37,'Саратов'),(38,'Саратов'),(39,'Уфа'),(40,'Краснодар'),(41,'Рязань'),(42,'Химки'),(43,'Волжск'),(44,'Екатиренбург'),(45,'Химки'),(46,'Смоленск'),(47,'Химки'),(48,'Екатиренбург'),(49,'Саратов'),(50,'Сургут'),(51,'Смоленск'),(52,'Владимир'),(53,'Якутск'),(54,'Сургут'),(55,'Вологда'),(56,'Волжск'),(57,'Самара'),(58,'Анапа'),(59,'Краснодар'),(60,'Химки'),(61,'Рязань'),(62,'Якутск'),(63,'Череповец'),(64,'Уфа'),(65,'Уфа'),(66,'Москва'),(67,'Уфа'),(68,'Москва'),(69,'Смоленск'),(70,'НН'),(71,'Вологда'),(72,'Череповец'),(73,'Анапа'),(74,'Краснодар'),(75,'Смоленск'),(76,'Ульяновск'),(77,'Рязань'),(78,'СПБ'),(79,'Уфа'),(80,'Вологда'),(81,'Краснодар'),(82,'Ульяновск'),(83,'Новгород'),(84,'Смоленск'),(85,'Уфа'),(86,'Уфа'),(87,'Самара'),(88,'Екатиренбург'),(89,'Краснодар'),(90,'Химки'),(91,'Якутск'),(92,'Рязань'),(93,'Уфа'),(94,'Рязань'),(95,'Саратов'),(96,'Уфа'),(97,'Казань'),(98,'СПБ'),(99,'Уфа'),(100,'Уфа');
/*!40000 ALTER TABLE `users_adress` ENABLE KEYS */;
UNLOCK TABLES;

--
-- Table structure for table `users_communities`
--

DROP TABLE IF EXISTS `users_communities`;
/*!40101 SET @saved_cs_client     = @@character_set_client */;
/*!40101 SET character_set_client = utf8 */;
CREATE TABLE `users_communities` (
  `user_id` bigint(20) unsigned NOT NULL,
  `community_id` bigint(20) unsigned NOT NULL,
  PRIMARY KEY (`user_id`,`community_id`),
  KEY `community_id` (`community_id`),
  CONSTRAINT `users_communities_ibfk_1` FOREIGN KEY (`user_id`) REFERENCES `users` (`id`) ON DELETE CASCADE ON UPDATE CASCADE,
  CONSTRAINT `users_communities_ibfk_2` FOREIGN KEY (`community_id`) REFERENCES `communities` (`id`) ON DELETE CASCADE ON UPDATE CASCADE
) ENGINE=InnoDB DEFAULT CHARSET=utf8mb4 COLLATE=utf8mb4_unicode_ci;

-- пакетная вставка INSERT
INSERT INTO users
	(firstname, lastname, email, password_hash, phone, is_deleted)
VALUES
	('Рулон', 'Обоев', 'оглы@труба.com', 'tuyro', 5555555, b'0'),
	('Каблук', 'Табуретов', 'оглы@оглы.com', 'iuyt', 7777777, b'0');

