-- MariaDB dump 10.19  Distrib 10.5.12-MariaDB, for Linux (x86_64)
--
-- Host: mysql.hostinger.ro    Database: u574849695_25
-- ------------------------------------------------------
-- Server version	10.5.12-MariaDB-cll-lve

/*!40101 SET @OLD_CHARACTER_SET_CLIENT=@@CHARACTER_SET_CLIENT */;
/*!40101 SET @OLD_CHARACTER_SET_RESULTS=@@CHARACTER_SET_RESULTS */;
/*!40101 SET @OLD_COLLATION_CONNECTION=@@COLLATION_CONNECTION */;
/*!40101 SET NAMES utf8mb4 */;
/*!40103 SET @OLD_TIME_ZONE=@@TIME_ZONE */;
/*!40103 SET TIME_ZONE='+00:00' */;
/*!40014 SET @OLD_UNIQUE_CHECKS=@@UNIQUE_CHECKS, UNIQUE_CHECKS=0 */;
/*!40014 SET @OLD_FOREIGN_KEY_CHECKS=@@FOREIGN_KEY_CHECKS, FOREIGN_KEY_CHECKS=0 */;
/*!40101 SET @OLD_SQL_MODE=@@SQL_MODE, SQL_MODE='NO_AUTO_VALUE_ON_ZERO' */;
/*!40111 SET @OLD_SQL_NOTES=@@SQL_NOTES, SQL_NOTES=0 */;

--
-- Table structure for table `communities`
--

DROP TABLE IF EXISTS `communities`;
/*!40101 SET @saved_cs_client     = @@character_set_client */;
/*!40101 SET character_set_client = utf8 */;
CREATE TABLE `communities` (
  `id` bigint(20) unsigned NOT NULL AUTO_INCREMENT,
  `name` varchar(150) COLLATE utf8mb4_unicode_ci DEFAULT NULL,
  `admin_user_id` bigint(20) unsigned DEFAULT NULL,
  PRIMARY KEY (`id`),
  KEY `communities_name_idx` (`name`),
  KEY `admin_user_id` (`admin_user_id`),
  CONSTRAINT `communities_ibfk_1` FOREIGN KEY (`admin_user_id`) REFERENCES `users` (`id`) ON DELETE SET NULL ON UPDATE CASCADE
) ENGINE=InnoDB AUTO_INCREMENT=101 DEFAULT CHARSET=utf8mb4 COLLATE=utf8mb4_unicode_ci;
/*!40101 SET character_set_client = @saved_cs_client */;

--
-- Dumping data for table `communities`
--

LOCK TABLES `communities` WRITE;
/*!40000 ALTER TABLE `communities` DISABLE KEYS */;
INSERT INTO `communities` VALUES (1,'rerum',1),(2,'blanditiis',2),(3,'qui',3),(4,'quo',4),(5,'corrupti',5),(6,'cupiditate',6),(7,'magni',7),(8,'alias',8),(9,'aut',9),(10,'eaque',10),(11,'repellendus',11),(12,'dolores',12),(13,'perspiciatis',13),(14,'sit',14),(15,'minima',15),(16,'illum',16),(17,'eos',17),(18,'qui',18),(19,'sed',19),(20,'omnis',20),(21,'fuga',21),(22,'maxime',22),(23,'adipisci',23),(24,'atque',24),(25,'id',25),(26,'deleniti',26),(27,'deserunt',27),(28,'quos',28),(29,'porro',29),(30,'provident',30),(31,'sit',31),(32,'autem',32),(33,'sit',33),(34,'aut',34),(35,'fugiat',35),(36,'aliquid',36),(37,'consequatur',37),(38,'eaque',38),(39,'sit',39),(40,'ut',40),(41,'quos',41),(42,'autem',42),(43,'error',43),(44,'sint',44),(45,'ipsum',45),(46,'id',46),(47,'ipsa',47),(48,'tempore',48),(49,'molestiae',49),(50,'nostrum',50),(51,'maiores',51),(52,'saepe',52),(53,'sit',53),(54,'sint',54),(55,'deserunt',55),(56,'sit',56),(57,'rerum',57),(58,'eius',58),(59,'architecto',59),(60,'blanditiis',60),(61,'a',61),(62,'cum',62),(63,'cupiditate',63),(64,'non',64),(65,'voluptas',65),(66,'distinctio',66),(67,'est',67),(68,'voluptas',68),(69,'voluptatem',69),(70,'id',70),(71,'debitis',71),(72,'est',72),(73,'beatae',73),(74,'et',74),(75,'a',75),(76,'aliquid',76),(77,'necessitatibus',77),(78,'minus',78),(79,'voluptatem',79),(80,'eligendi',80),(81,'nulla',81),(82,'nihil',82),(83,'dicta',83),(84,'tenetur',84),(85,'dolore',85),(86,'explicabo',86),(87,'culpa',87),(88,'enim',88),(89,'velit',89),(90,'tempora',90),(91,'voluptatem',91),(92,'nobis',92),(93,'est',93),(94,'quae',94),(95,'repellendus',95),(96,'repellendus',96),(97,'non',97),(98,'eligendi',98),(99,'beatae',99),(100,'a',100);
/*!40000 ALTER TABLE `communities` ENABLE KEYS */;
UNLOCK TABLES;

--
-- Table structure for table `friend_requests`
--

DROP TABLE IF EXISTS `friend_requests`;
/*!40101 SET @saved_cs_client     = @@character_set_client */;
/*!40101 SET character_set_client = utf8 */;
CREATE TABLE `friend_requests` (
  `initiator_user_id` bigint(20) unsigned NOT NULL,
  `target_user_id` bigint(20) unsigned NOT NULL,
  `status` enum('requested','approved','declined','unfriended') COLLATE utf8mb4_unicode_ci DEFAULT NULL,
  `requested_at` datetime DEFAULT current_timestamp(),
  `updated_at` datetime DEFAULT NULL ON UPDATE current_timestamp(),
  PRIMARY KEY (`initiator_user_id`,`target_user_id`),
  KEY `target_user_id` (`target_user_id`),
  CONSTRAINT `friend_requests_ibfk_1` FOREIGN KEY (`initiator_user_id`) REFERENCES `users` (`id`) ON DELETE CASCADE ON UPDATE CASCADE,
  CONSTRAINT `friend_requests_ibfk_2` FOREIGN KEY (`target_user_id`) REFERENCES `users` (`id`) ON DELETE CASCADE ON UPDATE CASCADE
) ENGINE=InnoDB DEFAULT CHARSET=utf8mb4 COLLATE=utf8mb4_unicode_ci;
/*!40101 SET character_set_client = @saved_cs_client */;

--
-- Dumping data for table `friend_requests`
--

LOCK TABLES `friend_requests` WRITE;
/*!40000 ALTER TABLE `friend_requests` DISABLE KEYS */;
INSERT INTO `friend_requests` VALUES (1,1,'requested','2011-10-21 18:15:11','2001-02-07 15:04:46'),(2,2,'declined','1983-09-15 17:47:35','1970-01-23 21:43:49'),(3,3,'declined','1970-04-05 15:51:55','2011-03-04 22:52:00'),(4,4,'unfriended','1979-09-22 08:44:47','2012-01-25 08:11:22'),(5,5,'requested','2005-08-16 13:08:06','1993-10-25 00:00:07'),(6,6,'approved','2015-03-30 09:20:36','2011-03-30 14:33:05'),(7,7,'unfriended','1986-09-18 23:37:46','1974-12-13 12:14:28'),(8,8,'unfriended','1984-06-01 13:48:23','1989-05-15 21:48:20'),(9,9,'requested','1987-07-03 03:04:33','2008-07-21 12:09:43'),(10,10,'declined','1989-10-12 22:47:41','1993-05-30 13:57:37'),(11,11,'declined','1979-03-31 18:10:11','1986-10-21 05:02:35'),(12,12,'requested','1991-05-21 13:38:09','1972-03-29 17:56:03'),(13,13,'declined','2001-04-18 16:43:25','1998-07-11 12:24:15'),(14,14,'unfriended','2009-03-30 15:32:54','2020-11-18 18:09:26'),(15,15,'declined','1981-03-08 07:52:24','1983-01-22 02:42:23'),(16,16,'approved','1999-11-27 10:17:51','1972-04-04 00:07:38'),(17,17,'unfriended','1975-04-06 23:34:13','2012-12-19 18:09:43'),(18,18,'requested','1995-01-13 00:35:07','1988-01-21 18:06:41'),(19,19,'declined','2018-01-02 08:13:07','2008-05-11 02:29:00'),(20,20,'approved','1990-03-02 19:17:34','1993-03-07 05:24:11'),(21,21,'approved','2014-09-02 06:19:01','1989-02-22 07:39:39'),(22,22,'declined','1989-04-07 13:44:06','2014-05-19 22:11:30'),(23,23,'requested','1982-09-12 13:02:22','1988-11-17 13:16:13'),(24,24,'approved','2014-09-16 04:41:27','1970-03-28 15:16:31'),(25,25,'declined','1992-09-23 08:14:42','1988-08-15 19:44:20'),(26,26,'requested','1982-11-08 14:31:58','1976-11-25 11:01:48'),(27,27,'requested','1974-09-06 22:25:08','2013-04-24 00:18:21'),(28,28,'requested','1991-06-26 22:47:28','2017-02-24 18:14:32'),(29,29,'declined','1981-08-22 22:04:25','1994-07-28 19:49:21'),(30,30,'declined','2017-12-10 10:40:54','1995-07-29 21:44:05'),(31,31,'declined','1982-05-22 01:57:35','1970-06-27 14:11:36'),(32,32,'approved','1989-04-24 01:22:30','1972-02-21 00:39:46'),(33,33,'unfriended','2018-04-25 04:22:37','1987-07-07 16:31:53'),(34,34,'declined','1982-03-13 12:04:32','1972-10-17 18:26:02'),(35,35,'approved','1974-07-08 15:31:54','2009-10-21 15:11:31'),(36,36,'declined','2013-08-09 04:04:42','1982-06-07 17:13:32'),(37,37,'declined','2000-04-14 07:32:42','2003-07-07 03:42:42'),(38,38,'approved','1974-09-30 01:10:31','1979-03-04 04:04:30'),(39,39,'declined','1972-11-05 15:35:35','1994-06-28 03:16:47'),(40,40,'requested','1971-04-14 08:38:06','1974-01-07 11:04:42'),(41,41,'requested','2003-10-21 23:10:31','1998-03-10 05:25:24'),(42,42,'declined','2002-12-09 15:26:26','1999-03-05 03:49:50'),(43,43,'unfriended','1973-07-09 01:22:41','1973-07-18 19:41:06'),(44,44,'unfriended','2013-05-30 23:23:15','1982-08-25 13:25:40'),(45,45,'requested','1982-09-04 17:53:29','2015-03-04 06:17:46'),(46,46,'approved','2021-09-08 17:19:48','2003-09-03 01:38:40'),(47,47,'declined','2017-06-06 12:34:20','1988-02-08 17:17:17'),(48,48,'unfriended','2005-09-24 20:09:43','1994-03-01 21:50:52'),(49,49,'approved','1972-05-22 21:51:06','2003-03-23 09:48:02'),(50,50,'unfriended','2019-03-11 03:53:23','1996-02-14 11:04:28'),(51,51,'declined','2013-03-12 13:48:59','1971-06-11 12:38:38'),(52,52,'unfriended','1989-10-05 22:26:43','1977-05-14 20:16:45'),(53,53,'approved','1979-01-16 08:25:51','1985-05-20 23:10:14'),(54,54,'declined','2001-05-31 02:04:41','1991-10-03 20:40:25'),(55,55,'unfriended','1986-03-22 10:25:30','2006-02-26 19:27:56'),(56,56,'approved','1984-11-30 19:34:14','2019-09-17 01:48:56'),(57,57,'requested','2002-03-29 19:56:48','1988-05-11 18:53:53'),(58,58,'unfriended','2003-02-25 20:38:25','2018-03-17 04:23:08'),(59,59,'requested','2019-07-01 07:31:36','1993-07-01 13:07:50'),(60,60,'requested','1980-07-07 11:11:17','1990-04-09 12:07:19'),(61,61,'declined','1998-05-02 07:22:00','1970-07-20 16:13:02'),(62,62,'requested','1997-06-02 21:09:54','1970-09-17 04:28:49'),(63,63,'unfriended','1993-02-14 14:31:07','1999-10-19 18:25:48'),(64,64,'requested','1980-05-27 19:36:43','1995-03-01 16:52:19'),(65,65,'approved','1982-12-12 15:51:55','1976-01-31 12:55:23'),(66,66,'requested','2020-03-16 16:47:37','1978-02-02 21:14:36'),(67,67,'unfriended','1992-01-17 16:24:28','2011-03-28 22:51:36'),(68,68,'approved','2006-04-14 15:33:30','1993-01-27 15:19:27'),(69,69,'declined','1970-05-24 11:50:26','1984-05-23 10:13:52'),(70,70,'requested','1981-03-02 23:33:36','1976-08-17 15:03:34'),(71,71,'declined','2003-12-02 10:28:12','2008-11-26 15:33:25'),(72,72,'unfriended','2013-07-20 08:26:23','1997-02-06 22:33:12'),(73,73,'declined','1974-08-24 01:08:36','1980-03-21 05:41:20'),(74,74,'declined','1984-08-29 08:05:01','2008-03-21 19:02:44'),(75,75,'unfriended','2016-11-01 10:11:26','2008-09-25 06:08:41'),(76,76,'unfriended','2021-01-12 15:35:40','1974-01-24 07:47:42'),(77,77,'declined','2004-06-18 01:39:17','1999-05-08 18:42:23'),(78,78,'declined','1987-12-07 21:37:39','1971-01-27 00:55:37'),(79,79,'requested','1980-08-28 05:38:02','1986-01-07 21:27:36'),(80,80,'approved','1983-09-07 00:24:24','2021-12-14 02:06:34'),(81,81,'unfriended','2017-07-13 20:47:46','2009-10-07 00:33:33'),(82,82,'unfriended','2003-01-10 14:28:16','2001-06-30 16:40:54'),(83,83,'approved','1993-01-22 12:39:18','1974-06-22 04:06:22'),(84,84,'declined','2021-05-29 19:43:52','2001-02-14 08:11:03'),(85,85,'declined','2006-10-30 10:42:34','1992-12-20 19:59:10'),(86,86,'unfriended','2010-04-24 00:10:07','2005-03-06 00:44:56'),(87,87,'declined','2001-05-20 03:08:51','2010-01-12 18:54:56'),(88,88,'requested','1995-09-14 21:12:23','2016-04-13 15:43:34'),(89,89,'declined','1970-12-20 02:47:10','1999-06-10 22:13:47'),(90,90,'declined','1997-09-09 03:08:03','2010-07-07 15:00:51'),(91,91,'approved','1986-06-10 11:50:55','1996-06-17 06:58:01'),(92,92,'requested','2021-05-04 13:03:42','1980-05-20 00:20:57'),(93,93,'unfriended','1984-03-06 04:31:45','2000-04-08 22:03:44'),(94,94,'approved','1976-08-02 06:35:00','2012-01-22 21:23:56'),(95,95,'unfriended','1987-01-12 12:26:23','2015-05-20 15:38:07'),(96,96,'declined','2007-12-25 20:19:43','1985-05-20 21:20:30'),(97,97,'approved','2013-08-03 20:19:58','2007-04-28 17:49:37'),(98,98,'unfriended','2002-08-13 21:30:13','1998-10-15 02:41:48'),(99,99,'requested','1988-10-08 23:33:57','2008-12-13 03:09:55'),(100,100,'unfriended','1991-02-19 21:26:55','2016-08-22 15:57:44');
/*!40000 ALTER TABLE `friend_requests` ENABLE KEYS */;
UNLOCK TABLES;

--
-- Table structure for table `hobby`
--

DROP TABLE IF EXISTS `hobby`;
/*!40101 SET @saved_cs_client     = @@character_set_client */;
/*!40101 SET character_set_client = utf8 */;
CREATE TABLE `hobby` (
  `id` bigint(20) unsigned NOT NULL AUTO_INCREMENT,
  `type_hobby` varchar(100) COLLATE utf8mb4_unicode_ci NOT NULL COMMENT 'нОВЫЙ КОММЕНТ',
  `progress` varchar(100) COLLATE utf8mb4_unicode_ci NOT NULL,
  `period_from` date DEFAULT NULL,
  PRIMARY KEY (`id`)
) ENGINE=InnoDB AUTO_INCREMENT=101 DEFAULT CHARSET=utf8mb4 COLLATE=utf8mb4_unicode_ci;
/*!40101 SET character_set_client = @saved_cs_client */;

--
-- Dumping data for table `hobby`
--

LOCK TABLES `hobby` WRITE;
/*!40000 ALTER TABLE `hobby` DISABLE KEYS */;
INSERT INTO `hobby` VALUES (1,'#f2e918','h','2018-01-01'),(2,'#9f446a','v','2015-05-21'),(3,'#4f331f','e','1976-05-30'),(4,'#0a92c5','j','1993-05-27'),(5,'#5b8621','c','1975-01-13'),(6,'#b3ab8d','r','1971-07-11'),(7,'#b1bc20','m','2020-09-14'),(8,'#c7a4b5','r','1975-07-21'),(9,'#d1fb5e','s','2015-10-18'),(10,'#f92a4d','i','1993-09-23'),(11,'#f8bb68','v','2012-05-13'),(12,'#477944','x','2008-05-13'),(13,'#804124','a','1983-03-25'),(14,'#abce95','b','1994-02-16'),(15,'#613476','p','1993-01-15'),(16,'#39d363','r','1988-05-24'),(17,'#ecd091','e','1971-10-14'),(18,'#c47a3a','w','2015-07-01'),(19,'#3ec492','v','2014-03-31'),(20,'#0ce32b','z','1999-04-12'),(21,'#c79f45','v','1991-08-08'),(22,'#e578c5','l','1990-11-13'),(23,'#9eaff9','r','1972-12-23'),(24,'#309e76','v','2019-10-07'),(25,'#0e79f2','u','2018-11-08'),(26,'#5acee9','o','1979-03-20'),(27,'#32a0df','h','2020-11-15'),(28,'#83ff5f','t','1989-07-28'),(29,'#62b7b5','d','2017-09-21'),(30,'#b506ed','j','1970-03-16'),(31,'#198b95','o','2000-06-02'),(32,'#d2b76c','z','1983-05-17'),(33,'#f20cb5','x','2001-11-10'),(34,'#8b5f31','s','1977-07-14'),(35,'#b2afff','r','1973-09-01'),(36,'#1690ec','p','2021-06-02'),(37,'#99000f','g','2021-11-24'),(38,'#b481e1','l','2016-11-21'),(39,'#85baf9','e','1978-04-26'),(40,'#ef1d58','n','2013-10-10'),(41,'#bd8889','a','2011-12-30'),(42,'#d03ff6','q','1989-10-31'),(43,'#6e787f','c','2000-03-20'),(44,'#c241c9','b','2018-04-28'),(45,'#cd543a','u','1978-04-01'),(46,'#23ea57','k','1989-11-12'),(47,'#6573df','s','1980-12-26'),(48,'#b2eaf3','l','2000-08-19'),(49,'#9026a4','c','1978-12-08'),(50,'#498f47','l','1972-03-25'),(51,'#13d130','j','2003-05-01'),(52,'#eeac45','c','2002-01-05'),(53,'#511da2','m','1985-03-08'),(54,'#a3baef','a','2009-10-01'),(55,'#2d2bda','h','2007-03-10'),(56,'#63540b','j','1983-01-15'),(57,'#44b6a9','t','2011-07-26'),(58,'#e3f5d5','j','1970-05-05'),(59,'#39586c','c','1985-12-09'),(60,'#e8d88f','d','2011-10-19'),(61,'#ec5cf5','r','1979-08-19'),(62,'#e64474','e','1977-12-27'),(63,'#68212b','r','1987-05-18'),(64,'#a8e3f8','h','2011-01-20'),(65,'#2d735d','e','2003-02-06'),(66,'#787e62','b','2015-10-06'),(67,'#1b249e','z','1987-07-18'),(68,'#f6d5d8','y','2012-04-18'),(69,'#784ef3','s','1990-01-12'),(70,'#789984','w','2014-11-14'),(71,'#bdc864','i','1990-09-14'),(72,'#f177db','k','1985-08-05'),(73,'#2bfaeb','r','2007-03-15'),(74,'#6fa936','a','1980-04-02'),(75,'#42bea9','y','2015-08-11'),(76,'#fd9f67','w','2011-02-11'),(77,'#eaf7e5','b','1987-08-15'),(78,'#a14bba','c','1979-04-01'),(79,'#24165d','n','2020-09-03'),(80,'#cfa839','p','1991-08-28'),(81,'#e2e652','c','1991-05-20'),(82,'#a636ef','t','1990-10-11'),(83,'#d25674','c','1991-06-29'),(84,'#9835fb','b','2011-07-13'),(85,'#cf6895','e','2004-05-26'),(86,'#b476ec','i','1989-02-27'),(87,'#f94116','h','2000-02-03'),(88,'#948ba8','c','1990-08-28'),(89,'#89f593','o','2005-08-22'),(90,'#dbf4ed','y','2001-09-15'),(91,'#c8cbdd','t','1970-03-14'),(92,'#964dae','v','1994-08-26'),(93,'#66900b','v','2006-02-10'),(94,'#358891','a','1999-11-05'),(95,'#1214b6','y','1974-08-02'),(96,'#aebd02','q','1998-02-16'),(97,'#ad246b','g','2006-02-18'),(98,'#166efb','s','2011-02-06'),(99,'#67c6de','d','1991-06-13'),(100,'#5606e0','w','2021-05-30');
/*!40000 ALTER TABLE `hobby` ENABLE KEYS */;
UNLOCK TABLES;

--
-- Table structure for table `hobby_users`
--

DROP TABLE IF EXISTS `hobby_users`;
/*!40101 SET @saved_cs_client     = @@character_set_client */;
/*!40101 SET character_set_client = utf8 */;
CREATE TABLE `hobby_users` (
  `hobby_id` bigint(20) unsigned NOT NULL,
  `user_id` bigint(20) unsigned NOT NULL,
  PRIMARY KEY (`hobby_id`,`user_id`),
  KEY `user_id` (`user_id`),
  CONSTRAINT `hobby_users_ibfk_1` FOREIGN KEY (`hobby_id`) REFERENCES `hobby` (`id`) ON DELETE CASCADE ON UPDATE CASCADE,
  CONSTRAINT `hobby_users_ibfk_2` FOREIGN KEY (`user_id`) REFERENCES `users` (`id`) ON DELETE CASCADE ON UPDATE CASCADE
) ENGINE=InnoDB DEFAULT CHARSET=utf8mb4 COLLATE=utf8mb4_unicode_ci;
/*!40101 SET character_set_client = @saved_cs_client */;

--
-- Dumping data for table `hobby_users`
--

LOCK TABLES `hobby_users` WRITE;
/*!40000 ALTER TABLE `hobby_users` DISABLE KEYS */;
INSERT INTO `hobby_users` VALUES (1,1),(2,2),(3,3),(4,4),(5,5),(6,6),(7,7),(8,8),(9,9),(10,10),(11,11),(12,12),(13,13),(14,14),(15,15),(16,16),(17,17),(18,18),(19,19),(20,20),(21,21),(22,22),(23,23),(24,24),(25,25),(26,26),(27,27),(28,28),(29,29),(30,30),(31,31),(32,32),(33,33),(34,34),(35,35),(36,36),(37,37),(38,38),(39,39),(40,40),(41,41),(42,42),(43,43),(44,44),(45,45),(46,46),(47,47),(48,48),(49,49),(50,50),(51,51),(52,52),(53,53),(54,54),(55,55),(56,56),(57,57),(58,58),(59,59),(60,60),(61,61),(62,62),(63,63),(64,64),(65,65),(66,66),(67,67),(68,68),(69,69),(70,70),(71,71),(72,72),(73,73),(74,74),(75,75),(76,76),(77,77),(78,78),(79,79),(80,80),(81,81),(82,82),(83,83),(84,84),(85,85),(86,86),(87,87),(88,88),(89,89),(90,90),(91,91),(92,92),(93,93),(94,94),(95,95),(96,96),(97,97),(98,98),(99,99),(100,100);
/*!40000 ALTER TABLE `hobby_users` ENABLE KEYS */;
UNLOCK TABLES;

--
-- Table structure for table `likes`
--

DROP TABLE IF EXISTS `likes`;
/*!40101 SET @saved_cs_client     = @@character_set_client */;
/*!40101 SET character_set_client = utf8 */;
CREATE TABLE `likes` (
  `id` bigint(20) unsigned NOT NULL AUTO_INCREMENT,
  `user_id` bigint(20) unsigned NOT NULL,
  `media_id` bigint(20) unsigned NOT NULL,
  `created_at` datetime DEFAULT current_timestamp(),
  PRIMARY KEY (`id`),
  KEY `user_id` (`user_id`),
  KEY `media_id` (`media_id`),
  CONSTRAINT `likes_ibfk_1` FOREIGN KEY (`user_id`) REFERENCES `users` (`id`) ON DELETE CASCADE ON UPDATE CASCADE,
  CONSTRAINT `likes_ibfk_2` FOREIGN KEY (`media_id`) REFERENCES `media` (`id`) ON DELETE CASCADE ON UPDATE CASCADE
) ENGINE=InnoDB AUTO_INCREMENT=101 DEFAULT CHARSET=utf8mb4 COLLATE=utf8mb4_unicode_ci;
/*!40101 SET character_set_client = @saved_cs_client */;

--
-- Dumping data for table `likes`
--

LOCK TABLES `likes` WRITE;
/*!40000 ALTER TABLE `likes` DISABLE KEYS */;
INSERT INTO `likes` VALUES (1,1,1,'1971-06-22 00:25:01'),(2,2,2,'2018-02-11 16:48:43'),(3,3,3,'2016-03-04 10:10:40'),(4,4,4,'1973-06-03 02:15:02'),(5,5,5,'1983-09-29 03:49:40'),(6,6,6,'2010-04-18 01:02:02'),(7,7,7,'2013-07-05 19:40:32'),(8,8,8,'1998-09-28 08:24:10'),(9,9,9,'1973-07-19 11:34:49'),(10,10,10,'2010-05-19 13:32:22'),(11,11,11,'1996-01-06 16:00:38'),(12,12,12,'1982-04-07 23:17:20'),(13,13,13,'2001-01-23 12:14:32'),(14,14,14,'2005-04-11 07:08:51'),(15,15,15,'1998-07-26 18:52:47'),(16,16,16,'2002-02-22 12:17:20'),(17,17,17,'1997-05-07 19:06:31'),(18,18,18,'1993-06-23 11:49:06'),(19,19,19,'2020-02-20 08:04:40'),(20,20,20,'2000-05-10 20:15:57'),(21,21,21,'1990-04-28 07:03:32'),(22,22,22,'1988-11-17 09:27:54'),(23,23,23,'1996-09-11 17:32:25'),(24,24,24,'2016-11-29 21:23:28'),(25,25,25,'1990-08-21 01:11:41'),(26,26,26,'2012-07-05 04:05:48'),(27,27,27,'1989-03-31 16:42:13'),(28,28,28,'1987-03-18 13:28:05'),(29,29,29,'1981-01-01 08:59:26'),(30,30,30,'2012-01-10 16:24:57'),(31,31,31,'1985-01-26 10:37:45'),(32,32,32,'1974-03-10 06:03:43'),(33,33,33,'1989-11-02 08:56:22'),(34,34,34,'1971-09-04 05:43:13'),(35,35,35,'2010-03-02 11:37:11'),(36,36,36,'2003-04-27 16:54:22'),(37,37,37,'1973-12-26 11:43:43'),(38,38,38,'1980-07-31 18:54:16'),(39,39,39,'1977-05-27 01:28:25'),(40,40,40,'2006-05-08 21:41:53'),(41,41,41,'2021-06-19 14:22:53'),(42,42,42,'2007-06-16 18:11:08'),(43,43,43,'1990-05-05 12:47:03'),(44,44,44,'1977-11-30 15:10:41'),(45,45,45,'1980-10-15 23:19:05'),(46,46,46,'2021-02-04 09:56:36'),(47,47,47,'1993-06-28 17:01:27'),(48,48,48,'1980-05-14 02:26:51'),(49,49,49,'2003-08-04 13:29:21'),(50,50,50,'1976-08-06 18:07:00'),(51,51,51,'1980-08-10 15:37:32'),(52,52,52,'1985-08-21 17:35:30'),(53,53,53,'1997-05-16 16:20:33'),(54,54,54,'2000-11-03 19:43:57'),(55,55,55,'2010-09-28 18:56:28'),(56,56,56,'2010-12-17 02:27:19'),(57,57,57,'1995-04-25 09:55:11'),(58,58,58,'1993-05-25 23:24:55'),(59,59,59,'1996-11-02 19:35:19'),(60,60,60,'2016-10-10 20:24:07'),(61,61,61,'2003-02-20 09:26:40'),(62,62,62,'2005-09-22 03:04:05'),(63,63,63,'1972-11-18 19:30:49'),(64,64,64,'1986-11-06 02:28:59'),(65,65,65,'1989-07-11 18:55:59'),(66,66,66,'2020-02-08 19:39:19'),(67,67,67,'1991-03-21 16:52:36'),(68,68,68,'2006-04-24 08:30:08'),(69,69,69,'1990-05-08 12:27:16'),(70,70,70,'2009-06-24 20:45:45'),(71,71,71,'1975-08-29 03:43:33'),(72,72,72,'2014-01-31 13:03:08'),(73,73,73,'1992-06-28 11:02:54'),(74,74,74,'1993-09-21 11:15:40'),(75,75,75,'1979-12-31 08:14:39'),(76,76,76,'2010-06-19 15:15:07'),(77,77,77,'1993-03-21 11:14:47'),(78,78,78,'1981-06-07 16:07:00'),(79,79,79,'1971-08-11 11:21:36'),(80,80,80,'2014-11-17 01:13:15'),(81,81,81,'1982-01-12 05:30:47'),(82,82,82,'1999-09-22 13:40:49'),(83,83,83,'1992-03-12 21:08:39'),(84,84,84,'1970-09-03 23:50:53'),(85,85,85,'1983-07-27 05:52:40'),(86,86,86,'1980-04-30 12:28:12'),(87,87,87,'2016-01-05 17:52:54'),(88,88,88,'1999-09-13 01:20:54'),(89,89,89,'1975-06-02 21:37:17'),(90,90,90,'1997-06-01 17:44:57'),(91,91,91,'1982-02-25 22:25:44'),(92,92,92,'2010-09-15 06:23:07'),(93,93,93,'2010-02-28 05:55:28'),(94,94,94,'1992-02-18 00:38:47'),(95,95,95,'1972-02-04 01:24:45'),(96,96,96,'1970-10-16 07:01:08'),(97,97,97,'2010-09-30 02:52:13'),(98,98,98,'1985-03-21 15:56:46'),(99,99,99,'1977-04-19 05:20:44'),(100,100,100,'1999-12-06 08:59:53');
/*!40000 ALTER TABLE `likes` ENABLE KEYS */;
UNLOCK TABLES;

--
-- Table structure for table `media`
--

DROP TABLE IF EXISTS `media`;
/*!40101 SET @saved_cs_client     = @@character_set_client */;
/*!40101 SET character_set_client = utf8 */;
CREATE TABLE `media` (
  `id` bigint(20) unsigned NOT NULL AUTO_INCREMENT,
  `media_type_id` bigint(20) unsigned DEFAULT NULL,
  `user_id` bigint(20) unsigned NOT NULL,
  `body` text COLLATE utf8mb4_unicode_ci DEFAULT NULL,
  `filename` varchar(255) COLLATE utf8mb4_unicode_ci DEFAULT NULL,
  `size` int(11) DEFAULT NULL,
  `metadata` longtext CHARACTER SET utf8mb4 COLLATE utf8mb4_bin DEFAULT NULL CHECK (json_valid(`metadata`)),
  `created_at` datetime DEFAULT current_timestamp(),
  `updated_at` datetime DEFAULT current_timestamp() ON UPDATE current_timestamp(),
  PRIMARY KEY (`id`),
  KEY `user_id` (`user_id`),
  KEY `media_type_id` (`media_type_id`),
  CONSTRAINT `media_ibfk_1` FOREIGN KEY (`user_id`) REFERENCES `users` (`id`) ON DELETE CASCADE ON UPDATE CASCADE,
  CONSTRAINT `media_ibfk_2` FOREIGN KEY (`media_type_id`) REFERENCES `media_types` (`id`) ON DELETE SET NULL ON UPDATE CASCADE
) ENGINE=InnoDB AUTO_INCREMENT=101 DEFAULT CHARSET=utf8mb4 COLLATE=utf8mb4_unicode_ci;
/*!40101 SET character_set_client = @saved_cs_client */;

--
-- Dumping data for table `media`
--

LOCK TABLES `media` WRITE;
/*!40000 ALTER TABLE `media` DISABLE KEYS */;
INSERT INTO `media` VALUES (1,1,1,'Quo adipisci ut qui quia odit. Adipisci molestiae itaque nam tenetur enim. Nihil temporibus quam ut sed eveniet aut. Consectetur dolor eum a.','nisi',9865253,NULL,'1990-01-25 23:01:04','2007-08-28 02:24:55'),(2,2,2,'Dolorem saepe sit distinctio libero pariatur similique debitis. Nihil repellat accusamus sed quibusdam. Amet et vitae voluptatem culpa quia voluptas iste non. Illum rerum rem voluptates.','explicabo',907776,NULL,'2000-11-26 17:33:10','2019-01-19 14:31:37'),(3,3,3,'Earum reiciendis saepe voluptas vitae perferendis nihil et. Nam ipsa dolorem vel a amet a. Perspiciatis neque quo sed. Earum non harum omnis cum asperiores. Eveniet nulla asperiores facilis aliquam.','maxime',0,NULL,'2019-08-28 04:05:51','2021-04-28 01:07:21'),(4,4,4,'Aut aliquam doloribus ab ratione. Ut nobis tempora voluptas fuga atque. Dolorum nostrum velit adipisci id et nihil.','harum',88,NULL,'1985-08-13 17:39:51','1971-01-08 07:22:35'),(5,5,5,'Omnis asperiores odio est ab sit. Libero voluptas repellendus et eaque. Maiores eius cupiditate inventore rerum quas nobis maxime non.','et',47598,NULL,'1998-06-27 11:16:11','2003-05-19 15:33:23'),(6,6,6,'Maiores officia nihil voluptatum et dolorum ex ut. Id et numquam nihil velit libero. Id ratione vero voluptates officia voluptatem fugiat consequatur.','quisquam',26952531,NULL,'2001-02-26 11:14:59','2008-09-14 05:13:23'),(7,7,7,'Et voluptatem enim aut non. Iusto incidunt omnis et repellendus et. Praesentium omnis delectus eveniet in.','quos',2821449,NULL,'1989-09-24 04:07:02','1991-03-30 02:54:18'),(8,8,8,'Odio nisi et vero et voluptas distinctio at sed. Culpa nulla eum non deleniti fugiat qui. Et sequi quia nihil vel quia iure at.','incidunt',38905989,NULL,'2013-02-25 03:26:19','1970-02-02 06:47:07'),(9,9,9,'Deserunt minus eaque ipsam libero. Recusandae dolor nihil mollitia voluptatum esse voluptas rerum. Nihil facilis laborum vitae corrupti repellat dolor.','quia',2,NULL,'1980-03-27 05:05:04','2010-01-21 12:34:06'),(10,10,10,'Dolorem ullam excepturi recusandae omnis. Dolor et aut aut omnis itaque. Minima accusantium eligendi id nobis.','corrupti',4,NULL,'1978-03-27 14:24:00','2011-10-10 19:54:02'),(11,11,11,'Voluptatem deleniti veritatis ut alias quae atque recusandae vel. Praesentium voluptas veritatis nemo tempora est omnis blanditiis earum. Quas provident deleniti saepe eveniet. Et eos officiis aspernatur sed. Aut deleniti unde exercitationem ducimus magni.','fugiat',716339834,NULL,'2006-10-08 00:00:54','1982-02-05 05:52:50'),(12,12,12,'Nemo eligendi esse similique autem beatae quaerat quod. Quaerat quaerat vitae a fuga. Rerum perferendis cum et magni placeat.','tempore',9561358,NULL,'1998-01-09 00:12:46','1991-09-21 13:48:54'),(13,13,13,'Placeat rerum vero accusamus non adipisci ut. Dignissimos aliquam consequatur nisi itaque sint et. Est asperiores ut hic perspiciatis sed. Atque dolore delectus et pariatur ea omnis.','adipisci',24,NULL,'2019-08-09 11:30:54','2021-11-13 14:23:18'),(14,14,14,'Ipsum laboriosam non excepturi id architecto. Quo sit id aut nihil. Consequatur consectetur et nisi cumque esse.','est',8855,NULL,'2010-06-16 22:23:29','2008-03-25 20:09:13'),(15,15,15,'Similique sed perspiciatis voluptatem quia. Quia molestiae ducimus molestiae. Voluptatibus nostrum cumque optio vel perspiciatis. Sed nobis maxime aspernatur ab qui quos consequatur. Animi qui ut ut.','quas',61638697,NULL,'2013-08-01 01:27:14','1993-08-13 18:21:41'),(16,16,16,'Veniam distinctio error et et quod nostrum dolor. Sunt labore laboriosam molestias libero eos. Dolorem rem similique neque saepe. Commodi quae ullam perferendis est facere sed. Rerum tempora dignissimos eaque.','ut',606,NULL,'1988-01-09 06:58:37','1975-04-26 16:42:34'),(17,17,17,'Aperiam aperiam ut quo itaque. Dolores dolor perspiciatis et eius iure. Voluptas ut sit dolorem et autem.','quo',83227871,NULL,'1998-02-27 12:58:27','1989-08-01 15:20:43'),(18,18,18,'Cum molestias cumque soluta sapiente voluptatum. Ea veniam vero atque dolore harum. Dolores fuga nostrum fugit libero est doloremque.','eum',76789,NULL,'1976-01-20 23:26:52','1970-08-04 00:25:04'),(19,19,19,'Consequatur ad quia eum maiores et. Ea ut quo doloremque molestiae illo beatae. Est voluptates optio ipsam voluptatem rerum minus. Est ut voluptas tenetur cupiditate distinctio.','minima',1875,NULL,'2016-12-11 11:42:00','2017-05-23 02:17:16'),(20,20,20,'Quibusdam sunt sed et assumenda illum odit et ipsum. Aut sunt sequi debitis. Aut ut nesciunt optio nihil. Eos facilis harum dolor dolor quidem explicabo.','sunt',224981,NULL,'1996-08-22 18:11:20','1983-07-24 22:05:18'),(21,21,21,'Et animi expedita quia soluta sit dignissimos ullam. Voluptas est aut sunt aut non qui. Temporibus veritatis dolore molestias blanditiis animi aperiam. Quae aut aut et dignissimos laborum error.','aliquid',7,NULL,'1996-07-20 19:54:59','1994-07-11 02:32:10'),(22,22,22,'Est est sapiente nisi exercitationem. Non quis deserunt accusantium. Esse molestiae corporis consequatur sapiente eum eaque. Quas quo esse iure aut necessitatibus velit.','sit',65011,NULL,'2010-03-17 06:23:27','2003-10-10 17:09:29'),(23,23,23,'Inventore magnam quis natus. Aliquam sint neque amet rerum et. Eligendi sapiente nam maxime facere quia. Nostrum fugiat molestiae hic aliquid aliquam odit qui. Repellat quisquam eos iste architecto ut ut.','aut',51947,NULL,'2000-12-18 10:44:59','2016-06-19 06:05:48'),(24,24,24,'Maiores et vero et natus. Quia eligendi quis culpa non. Aspernatur voluptas et nostrum aut.','pariatur',972391,NULL,'2005-06-19 18:59:47','2003-05-19 12:59:19'),(25,25,25,'Repudiandae magnam nihil ut. Aliquam enim rem accusantium voluptas est. Non ipsam nesciunt aspernatur et harum iste soluta.','quam',725156,NULL,'1980-03-08 08:14:33','2018-10-11 16:31:36'),(26,26,26,'Accusamus et sint eveniet laudantium distinctio quo non. Quibusdam qui maiores eos sed. Facilis itaque expedita veniam ut atque qui a. Quis alias quibusdam praesentium et neque a.','tenetur',38624,NULL,'2021-11-10 23:56:42','1997-05-03 16:19:05'),(27,27,27,'Qui deserunt dolore et dignissimos deserunt est ab. Quod laboriosam voluptatem sint perspiciatis. Quasi esse maxime dignissimos et nulla a.','molestiae',0,NULL,'2000-08-24 13:32:33','1989-08-01 20:02:02'),(28,28,28,'Ut voluptates distinctio est labore et voluptates. Itaque reprehenderit at harum adipisci et voluptates voluptas. Blanditiis est possimus neque eius.','est',425032817,NULL,'2008-11-12 19:09:32','2004-01-25 11:32:52'),(29,29,29,'Minima dolor quibusdam consequatur similique expedita facere non. Quaerat voluptate quisquam ut ad. Placeat sint aut in aut.','fugit',188488253,NULL,'2012-11-18 05:29:00','2006-09-17 11:08:44'),(30,30,30,'Exercitationem et doloribus asperiores. Eveniet nemo officia eaque voluptates occaecati natus voluptate.','deserunt',65732472,NULL,'1990-09-25 15:47:38','2015-12-31 19:36:45'),(31,31,31,'Magnam tenetur qui iure vel. Dolor aut voluptatem deleniti aperiam.','ad',8,NULL,'1997-01-26 02:26:32','2007-12-25 08:15:15'),(32,32,32,'A quasi eligendi sit fugiat. Est quis excepturi eum error et consectetur.','ut',6936114,NULL,'1989-10-06 19:57:44','1973-01-14 21:45:54'),(33,33,33,'Ea pariatur unde pariatur. Aut sit dolores aliquam velit facere. Nihil asperiores animi voluptas cupiditate expedita. Ab magnam soluta at voluptatibus voluptatem.','velit',82,NULL,'1985-07-24 16:16:14','2014-08-03 08:39:20'),(34,34,34,'Repellendus repudiandae molestias dignissimos ut qui esse. Fugiat maxime nemo voluptatem. Et et aut non. Delectus quia placeat sed quia non harum rerum.','omnis',3616,NULL,'1979-04-27 14:07:18','2006-06-10 16:31:13'),(35,35,35,'Non voluptatum magnam aut laboriosam. Minima odit labore eum nihil. Mollitia nesciunt quam nobis dolores. Recusandae tenetur nemo aspernatur blanditiis.','a',9673647,NULL,'1993-10-30 23:50:18','2008-06-23 19:05:19'),(36,36,36,'Quis harum harum quaerat voluptas ullam maxime. Voluptas dolor odit aut asperiores sed labore optio. Praesentium laborum non ipsum ut.','dolores',5726,NULL,'2012-04-07 16:48:38','2014-01-20 22:10:46'),(37,37,37,'Qui repellendus enim neque sit laudantium velit est. Quaerat distinctio qui aut dolorem delectus corrupti excepturi. Iure repudiandae vero consequatur est sed. Fugit itaque et molestias.','in',332207610,NULL,'1974-11-19 03:10:31','2010-07-02 21:00:55'),(38,38,38,'Exercitationem et itaque eum odit sit. Explicabo possimus libero ut dolor cumque excepturi magnam architecto. Et tempora tempore deserunt non. Sed sit harum ut dolores ex voluptatibus ut in.','beatae',45,NULL,'2016-02-18 08:29:17','2000-01-06 20:15:14'),(39,39,39,'Perferendis odit sint quia doloribus quia dignissimos voluptatem. Sed eum quibusdam sit possimus voluptatem. Quidem et nulla placeat molestias fugit cum provident.','doloremque',6,NULL,'2004-04-06 10:51:07','1982-02-22 11:56:35'),(40,40,40,'Sit ullam assumenda animi soluta soluta. Ducimus et quam beatae accusamus non saepe. Fugiat dolor minima maxime magni. Dolor est vel incidunt magnam eius et.','nisi',91285647,NULL,'2003-08-16 07:22:28','2021-04-04 14:21:06'),(41,41,41,'Est nam eveniet dolores at et. Consequatur molestias nisi eum ut vel. Quaerat est quo aliquid eos sed quia.','qui',9977,NULL,'1975-01-21 15:14:27','1977-03-07 11:13:49'),(42,42,42,'Et sed aperiam adipisci libero sunt ea provident vel. Nulla eius iure iste deleniti vero illum. Voluptates qui exercitationem expedita.','minus',44409358,NULL,'1988-07-05 12:36:40','2006-11-10 17:49:30'),(43,43,43,'Sapiente sit in beatae impedit quia sunt. Occaecati repellat iusto aut ab et maiores minima. Doloribus non esse et cumque tempora velit at. Sit debitis aut iste veniam illum vero reiciendis.','sed',89,NULL,'2010-11-16 03:04:22','2017-07-10 20:51:30'),(44,44,44,'Dolorem quasi voluptatibus blanditiis perferendis doloremque voluptatem magnam. Cumque consequuntur quisquam corporis rerum sint qui sint. Fuga omnis eaque quam dolorem. Id quam alias et neque.','quaerat',135,NULL,'2021-10-28 13:50:21','1993-12-25 20:36:44'),(45,45,45,'Fugit nemo nam voluptates. Sint aut temporibus ullam voluptas asperiores ut dolores. Eos deleniti molestiae numquam omnis ut sit est.','cumque',196,NULL,'2009-12-14 16:43:27','2002-08-01 19:18:23'),(46,46,46,'Placeat provident aut esse sapiente et. Odio numquam et eligendi aut. Eos aut magni ut vitae.','consectetur',958769257,NULL,'2005-08-03 12:21:17','1982-03-29 09:21:31'),(47,47,47,'Et voluptatum reprehenderit nihil id. Delectus occaecati vel excepturi asperiores. Atque culpa enim doloremque dolorem.','id',3177,NULL,'1995-02-15 05:20:16','2010-06-01 06:49:34'),(48,48,48,'Dignissimos iste accusamus impedit ut adipisci. Aliquid aperiam voluptate voluptatem. Quaerat quo dolorem qui et ut. Consequatur delectus maxime ullam aut excepturi dicta.','ea',81,NULL,'2018-02-05 05:05:22','2014-12-13 05:14:29'),(49,49,49,'Tenetur asperiores repellat dolorum deleniti id delectus enim. Ex odit hic earum totam consequatur. Aut quos temporibus architecto numquam ex.','excepturi',31,NULL,'1990-11-24 11:32:45','1989-04-11 04:04:01'),(50,50,50,'Voluptatum at et officiis nihil quo debitis. Quia ut aperiam aut laudantium dolore enim est. Asperiores omnis sunt explicabo omnis sint quibusdam voluptatem laboriosam. Debitis assumenda qui quos molestiae.','illum',5,NULL,'1997-02-15 05:12:05','2019-03-15 14:26:40'),(51,51,51,'Voluptas repellat et suscipit ea et earum fugit. Non ad quisquam consequuntur velit atque voluptatum sapiente.','perferendis',44,NULL,'1993-09-21 04:36:48','1982-04-23 00:55:18'),(52,52,52,'Corrupti hic iusto quia sit impedit iusto. Autem perspiciatis aut aut dolorem nam impedit et. Eos et ipsum aut voluptas voluptatum dicta quia.','amet',99,NULL,'1978-05-29 09:32:31','2019-01-07 15:21:57'),(53,53,53,'Rem magni et exercitationem expedita. Hic beatae deserunt itaque rerum qui nemo. In nam provident laborum ipsam corporis nihil. Sed reprehenderit dolorum quia unde voluptas.','explicabo',0,NULL,'1991-01-04 19:44:35','2019-08-28 11:31:29'),(54,54,54,'Vel eum expedita aliquid. Sed qui nihil fugiat repellendus deserunt placeat adipisci. Doloremque sint explicabo molestiae non id in neque labore.','numquam',909762313,NULL,'2002-11-22 23:37:15','2006-10-19 12:11:10'),(55,55,55,'Qui dolores corporis laborum tenetur dolorem aliquam eveniet. Explicabo omnis reprehenderit debitis fugiat est. Explicabo architecto sequi sequi.','ex',3362752,NULL,'1973-10-18 00:06:25','2002-03-20 04:22:26'),(56,56,56,'Omnis distinctio rem occaecati nihil quis. Incidunt nemo vero voluptatem et. Explicabo sapiente dolores velit et asperiores quidem.','provident',44973645,NULL,'1990-03-30 17:30:40','2012-07-30 12:56:58'),(57,57,57,'Et aut voluptatem voluptas dicta sapiente aut officiis. Est voluptatem fuga id odio harum voluptatum fugiat. Voluptatum veniam ratione repudiandae tenetur quod.','ratione',84151,NULL,'1995-11-30 22:14:25','2008-11-12 07:51:29'),(58,58,58,'Voluptatibus eos optio vero quaerat. Nihil aut officiis id quas. Harum explicabo rerum eum ullam corporis.','modi',8816813,NULL,'1971-11-17 10:38:30','1995-03-10 23:01:18'),(59,59,59,'Dolores et odio omnis et quis. Debitis magni qui minus error maxime est. Est quibusdam pariatur ut praesentium explicabo alias sit enim. Molestias dolores dignissimos nostrum beatae.','ut',0,NULL,'2001-10-17 21:50:52','1993-11-30 07:50:52'),(60,60,60,'Ipsa quia sequi nihil eos tempora id. Qui sint hic sint ratione numquam qui. Aut reiciendis ex ut placeat in.','mollitia',2700942,NULL,'1986-02-17 22:30:28','1995-12-02 15:20:23'),(61,61,61,'Sapiente delectus ut tempore at. Id qui harum exercitationem sunt consequatur ullam atque dignissimos. Maiores ut officiis autem sed molestias. Similique tempora sed laboriosam dolores fugit maxime.','adipisci',76,NULL,'2008-01-08 04:22:46','2019-01-09 14:40:03'),(62,62,62,'Aut soluta nam harum vero soluta placeat adipisci. Ex perspiciatis dolores dolor qui ut nemo cupiditate. Corrupti non est aut voluptas consequuntur distinctio molestiae.','rerum',0,NULL,'1996-07-09 12:21:53','2010-02-18 23:49:07'),(63,63,63,'Quaerat totam minima temporibus eveniet. Aut voluptatem fugit eos perferendis. Natus aspernatur id esse dicta officia quia sed.','doloremque',128570684,NULL,'1974-12-16 02:52:40','2014-05-12 01:47:22'),(64,64,64,'Laudantium ea recusandae et nemo sed voluptas. Libero autem sit illum aut veritatis atque et.','numquam',7259579,NULL,'1986-02-07 14:31:26','1982-03-05 17:00:46'),(65,65,65,'Qui reprehenderit beatae ut. Et ex facilis facilis nulla voluptatibus tempora neque. Alias ex sit dolorem aliquam accusantium ut aut. Ipsum cupiditate repudiandae et quibusdam dolor numquam deserunt reprehenderit. Assumenda ea reiciendis dolorum similique id et.','aut',7114146,NULL,'2008-05-17 01:58:46','1997-09-21 16:03:41'),(66,66,66,'Eos illum hic nisi molestias. Corrupti et eos aliquid distinctio harum provident maxime. Maiores aspernatur quia velit eius ex voluptas. Ut qui sint maiores. Sequi iure dolorem cupiditate sed quis.','consequatur',20,NULL,'1991-07-25 14:33:47','2021-06-01 18:41:02'),(67,67,67,'Dolores fugiat ut unde quo illum. Nam et ducimus molestiae nobis vel accusantium. Et accusamus qui et expedita est omnis.','exercitationem',0,NULL,'2020-03-30 12:27:33','1996-12-31 19:20:08'),(68,68,68,'Voluptas esse consequatur sunt magnam reiciendis. Itaque quasi at molestiae sit. Nihil rerum cumque voluptas dicta animi iste ut. Est exercitationem eum in perspiciatis minus distinctio placeat.','non',78933,NULL,'2016-08-11 07:27:13','2003-04-15 06:23:27'),(69,69,69,'Alias iure quo eos facilis. Non rerum a eaque minus reiciendis quas. In amet facere autem et est sit ducimus. Quasi soluta aut voluptatem rerum aspernatur doloribus odit iste.','maiores',9154472,NULL,'2012-01-05 03:53:27','2007-06-02 04:23:54'),(70,70,70,'Hic sit nesciunt est. Quis et veritatis itaque adipisci id eos. Non ab provident et ipsam doloremque. Officiis blanditiis expedita est ad.','ratione',2708,NULL,'1972-08-16 18:49:10','1972-12-03 00:18:29'),(71,71,71,'Officiis quo facere nostrum voluptas tenetur reprehenderit. Tempora ut aut et aut ipsam molestiae iure. Quos aut corrupti dolore eos et et perferendis.','numquam',1776725,NULL,'1989-03-16 13:26:44','1982-06-04 21:10:36'),(72,72,72,'Et ullam quam quia. Sequi harum error aut voluptas aliquam. Beatae reiciendis laborum et quia illum dolores labore sunt. Excepturi nemo est reiciendis.','at',33340507,NULL,'1992-10-05 16:03:22','1983-06-20 16:20:44'),(73,73,73,'Explicabo laudantium eos enim hic fuga rerum dolorum. At autem deleniti quos inventore ad et. Eaque consectetur perspiciatis dolorum ipsam vitae. Excepturi unde vel minus rerum.','laboriosam',319208295,NULL,'2004-12-25 02:01:32','1990-04-16 16:48:21'),(74,74,74,'Similique id et sit atque. Mollitia quas odit veritatis inventore. Molestiae quidem non harum quia magnam aut eum. Cupiditate saepe consectetur iste.','nihil',758589,NULL,'2009-01-04 07:00:58','2020-04-20 13:47:37'),(75,75,75,'Sed illo officia sequi vel. Aspernatur repellendus quam eligendi id quam temporibus corporis.','est',0,NULL,'2014-05-19 04:43:34','2008-06-16 20:50:54'),(76,76,76,'Ea expedita quasi sunt quibusdam delectus occaecati dignissimos. Labore consequatur aspernatur est molestias velit fugit. Eius omnis voluptatibus aut quia.','adipisci',386504191,NULL,'1990-03-30 00:22:48','1995-11-28 02:18:01'),(77,77,77,'Beatae voluptatum consequuntur ad autem possimus accusantium atque. Iste aut quos pariatur. A et voluptatem quos quas.','esse',854371,NULL,'2021-08-31 13:40:40','1990-07-01 01:14:47'),(78,78,78,'Velit eum nesciunt modi veritatis quae. Ducimus ut fuga sint sequi occaecati dolor optio facilis. Porro est nulla eligendi.','sint',160783,NULL,'1998-03-10 18:57:39','1975-07-15 00:45:12'),(79,79,79,'Ad aliquam recusandae laudantium aspernatur. Iste et eveniet dolorem sed earum at soluta. Provident odio aut voluptatibus ratione atque. Ipsam ut et voluptatem.','aliquid',7880,NULL,'2005-12-15 10:00:45','1984-12-26 05:13:24'),(80,80,80,'Maiores praesentium quia cumque dolorem maxime labore quas est. Magnam sunt eligendi provident error beatae culpa. Dolore est voluptas velit totam dolorem quae. Illo nisi veniam voluptas culpa.','odio',0,NULL,'2010-02-28 10:24:18','2008-03-28 20:46:17'),(81,81,81,'Maxime voluptatem est et enim. Id laboriosam nobis voluptas autem asperiores. Eaque et exercitationem id voluptas et vel est.','omnis',3165552,NULL,'1990-05-10 02:07:29','1984-10-06 21:43:43'),(82,82,82,'Minus impedit sequi provident harum adipisci error. Dicta molestiae aut sed et. Sed error qui eaque accusantium non sed veritatis saepe. Quis omnis mollitia culpa illum et.','aperiam',173956722,NULL,'1992-08-21 03:13:41','2007-07-06 18:38:42'),(83,83,83,'Quae ex quod quia dicta in perferendis. Sequi voluptas et voluptatem nulla dolor nisi ea. Nesciunt ut praesentium sed sint magnam quas amet recusandae.','tenetur',5232,NULL,'2002-04-24 00:31:21','1990-01-18 14:21:18'),(84,84,84,'Id consequuntur qui sit ut modi. Cupiditate et earum vel enim assumenda consectetur ipsum. Qui aliquam facere necessitatibus. Inventore aut vero perspiciatis aut. Deserunt ab ullam illo aut dolor quidem sint.','dolor',74,NULL,'1985-01-15 00:32:44','2018-05-20 01:10:35'),(85,85,85,'Libero magnam mollitia et est vitae est vero. Molestiae maxime reprehenderit esse id sapiente nemo.','reprehenderit',1846127,NULL,'1991-05-15 17:06:39','1971-06-12 08:16:53'),(86,86,86,'Quia dolores maxime odit dicta aliquam. Officiis qui deserunt dolorum architecto sequi quis quasi quas. Ea perferendis provident aut fuga autem veniam neque perferendis.','rem',4942,NULL,'1986-06-20 21:04:08','1982-06-27 07:26:25'),(87,87,87,'Praesentium beatae perspiciatis officiis eum. Repudiandae velit hic voluptatem est quos aut dignissimos. Odit blanditiis nesciunt dolorem harum.','voluptas',456294471,NULL,'1978-01-26 15:57:54','1993-05-14 13:43:03'),(88,88,88,'Recusandae ratione voluptatem et odio soluta quia ipsum possimus. Sunt dolores et molestias eaque recusandae. Suscipit ea magnam ut dolor dolorum natus dolores. Nesciunt consequuntur repellat hic nemo architecto inventore voluptatem.','rerum',57884,NULL,'2000-08-10 18:26:44','2004-10-24 09:34:54'),(89,89,89,'Ut aut architecto ut. Odit pariatur qui unde. Est neque nesciunt fuga accusamus vel quaerat voluptate distinctio.','ut',82,NULL,'2008-10-05 21:19:50','2014-09-28 22:59:52'),(90,90,90,'Ea et minus saepe nam repudiandae voluptatem aut architecto. Iure alias dolorem corporis fugiat voluptatem error. Ipsam facere ut facere illum nostrum ipsa aut.','dicta',961600,NULL,'2015-12-18 13:58:20','2020-09-26 20:34:14'),(91,91,91,'Consequatur sed voluptas debitis numquam optio et. Eos sed laboriosam magnam vel expedita voluptates quos. Nihil et sit exercitationem occaecati.','possimus',460712,NULL,'2007-09-16 03:35:09','2006-06-26 19:45:28'),(92,92,92,'Illum aut fuga est sit quidem debitis harum. Enim voluptatem nostrum aspernatur veniam distinctio ex. Tenetur totam officiis quam pariatur esse voluptatum dolores.','voluptatum',20374,NULL,'1979-03-29 03:25:50','1989-06-01 14:12:13'),(93,93,93,'Voluptatem vero repudiandae excepturi omnis. Et hic aperiam alias dicta consectetur facere sunt. Vitae ipsa quos quo nisi magnam iste. Autem ea molestiae quae et. Quod voluptatem autem nesciunt quo voluptatem.','dolores',0,NULL,'1983-06-08 23:46:39','2019-02-05 16:00:30'),(94,94,94,'Ut in ipsum nam et. Culpa temporibus non alias. Vel vel autem doloremque voluptatem qui sunt velit.','ut',9,NULL,'1980-01-18 06:50:33','1996-10-31 18:47:11'),(95,95,95,'Ipsam consequatur laudantium at similique in dolore. Tempore voluptas odit voluptas quos deleniti et odit dolor. Quos et iste qui aut. Corrupti sunt tempora commodi ex repellat quo aut.','et',0,NULL,'1996-10-24 19:35:37','1992-07-09 17:03:05'),(96,96,96,'Et aliquam amet qui voluptatem. Voluptas corrupti ut repellat aspernatur quas. Doloremque ipsa est est quidem atque atque. Molestias vitae voluptatem et culpa iure. Voluptas esse aut omnis incidunt.','recusandae',0,NULL,'2017-01-16 20:34:25','1982-01-11 16:47:59'),(97,97,97,'Ullam recusandae laborum repudiandae odio veritatis. Repellat molestiae porro animi eaque pariatur. Iusto nam qui deleniti tenetur expedita eos consequatur.','nihil',0,NULL,'1991-10-24 15:06:19','1991-02-28 21:43:26'),(98,98,98,'Ea iste architecto reprehenderit vero odio. Reprehenderit eaque quibusdam ex veritatis.','provident',469,NULL,'2012-01-13 16:15:16','1995-01-04 06:31:14'),(99,99,99,'Qui dolorem totam aut officiis et voluptatibus. Et dicta et beatae eum. Magni repellendus voluptatum quia voluptatem.','ut',0,NULL,'1971-11-02 09:28:48','1981-07-06 16:49:43'),(100,100,100,'Pariatur asperiores illum error animi. Reiciendis enim ex nobis maiores velit. Aut ab quibusdam in ea delectus.','veritatis',99703,NULL,'1983-05-30 10:25:41','1971-08-15 14:33:44');
/*!40000 ALTER TABLE `media` ENABLE KEYS */;
UNLOCK TABLES;

--
-- Table structure for table `media_types`
--

DROP TABLE IF EXISTS `media_types`;
/*!40101 SET @saved_cs_client     = @@character_set_client */;
/*!40101 SET character_set_client = utf8 */;
CREATE TABLE `media_types` (
  `id` bigint(20) unsigned NOT NULL AUTO_INCREMENT,
  `name` varchar(255) COLLATE utf8mb4_unicode_ci DEFAULT NULL,
  `created_at` datetime DEFAULT current_timestamp(),
  `updated_at` datetime DEFAULT current_timestamp() ON UPDATE current_timestamp(),
  PRIMARY KEY (`id`)
) ENGINE=InnoDB AUTO_INCREMENT=101 DEFAULT CHARSET=utf8mb4 COLLATE=utf8mb4_unicode_ci;
/*!40101 SET character_set_client = @saved_cs_client */;

--
-- Dumping data for table `media_types`
--

LOCK TABLES `media_types` WRITE;
/*!40000 ALTER TABLE `media_types` DISABLE KEYS */;
INSERT INTO `media_types` VALUES (1,'consequatur','2011-04-25 15:07:22','1979-04-03 05:26:28'),(2,'velit','1994-02-16 04:17:30','2005-06-10 19:17:04'),(3,'incidunt','1980-12-23 22:27:21','2005-10-17 12:15:01'),(4,'quo','2018-04-12 23:50:37','2010-07-06 13:30:56'),(5,'quidem','2015-01-23 03:54:55','1993-11-21 14:05:08'),(6,'possimus','1972-08-16 05:41:35','2008-03-09 03:53:13'),(7,'illum','1990-10-23 19:50:47','2008-03-26 11:05:20'),(8,'magnam','2003-05-28 11:17:41','2013-04-28 05:05:37'),(9,'velit','1971-11-10 18:05:59','1977-08-23 01:42:05'),(10,'est','2010-10-18 08:35:37','1993-07-23 04:54:27'),(11,'sed','2000-09-11 21:36:28','1997-11-16 09:32:17'),(12,'sapiente','2009-07-01 10:19:19','2005-03-03 10:50:17'),(13,'veritatis','2010-06-17 03:48:03','1987-08-01 04:25:21'),(14,'omnis','1979-08-13 04:56:56','1980-01-18 15:51:01'),(15,'reiciendis','2012-07-16 18:58:04','2008-06-19 19:34:11'),(16,'ullam','2008-06-09 01:56:32','2021-05-21 03:23:50'),(17,'sunt','2000-12-11 17:53:34','2011-05-07 08:51:47'),(18,'fugit','1992-04-05 16:05:47','1984-07-06 11:51:45'),(19,'earum','2014-12-21 09:16:53','2002-02-19 15:15:28'),(20,'sit','1975-12-12 18:06:47','2016-07-06 08:57:07'),(21,'error','1979-07-22 21:56:41','1986-03-07 22:41:31'),(22,'laudantium','2003-01-17 00:22:05','2003-05-26 11:02:50'),(23,'temporibus','1980-08-13 18:09:07','2020-06-14 08:37:20'),(24,'ut','1996-07-20 14:54:26','1998-06-06 13:28:39'),(25,'optio','1986-06-11 18:37:01','2017-06-18 06:46:06'),(26,'voluptatem','1993-06-13 19:51:20','2021-09-15 16:20:55'),(27,'vel','1987-05-06 00:29:25','2006-11-22 03:59:11'),(28,'vel','2012-12-20 04:48:10','2021-04-04 16:20:17'),(29,'ipsum','2013-09-03 15:43:50','1986-12-23 00:57:02'),(30,'eius','1995-09-21 18:14:48','1972-12-09 21:08:04'),(31,'veniam','1997-01-07 21:56:01','2006-01-29 09:43:16'),(32,'ad','1989-08-14 06:31:03','1975-09-03 02:03:41'),(33,'inventore','2013-09-16 07:26:13','2017-03-24 23:51:36'),(34,'aliquam','2013-07-17 02:58:09','2019-08-31 14:47:12'),(35,'consequuntur','1975-06-10 04:38:37','2004-02-24 05:46:05'),(36,'sunt','1977-04-20 22:32:04','1973-12-13 10:56:14'),(37,'qui','2010-02-25 06:31:44','1981-01-11 03:33:34'),(38,'repudiandae','2016-10-31 16:39:26','1979-10-25 12:18:32'),(39,'maxime','1978-03-11 18:00:14','1976-04-06 20:33:21'),(40,'fuga','2005-11-17 17:19:45','2021-04-15 15:42:36'),(41,'repudiandae','2002-07-23 06:25:25','1990-09-15 08:54:52'),(42,'porro','2019-06-17 05:01:23','2007-05-06 20:59:36'),(43,'expedita','1987-06-17 01:35:33','1998-12-18 09:02:45'),(44,'nihil','1974-10-15 22:45:56','1997-03-15 17:12:46'),(45,'pariatur','1980-05-05 13:03:43','1976-12-19 17:54:13'),(46,'nisi','2018-10-09 02:23:37','1996-08-16 15:34:53'),(47,'quidem','1994-01-28 18:17:54','1981-12-28 14:54:06'),(48,'et','1999-11-17 01:47:17','1980-06-27 18:14:04'),(49,'quo','1991-01-29 17:47:04','2010-08-19 21:06:09'),(50,'quasi','2001-11-04 06:33:46','2008-05-05 05:09:43'),(51,'amet','1972-01-04 10:48:26','1977-07-30 07:19:36'),(52,'amet','2001-07-03 17:11:18','1986-11-15 05:10:50'),(53,'labore','1971-07-09 06:18:37','1977-05-03 03:26:24'),(54,'molestias','1972-11-24 05:00:39','1973-02-28 19:15:51'),(55,'officia','2018-05-16 16:30:02','1987-09-30 00:23:57'),(56,'eaque','2009-02-13 18:39:47','2013-06-21 20:15:50'),(57,'quam','2013-09-14 02:00:52','1981-01-05 06:02:31'),(58,'eum','1970-06-30 01:24:41','1999-11-27 05:00:34'),(59,'quo','1998-01-13 19:37:08','2009-12-18 16:23:56'),(60,'velit','1990-01-03 20:55:31','1999-03-13 07:46:34'),(61,'ut','1998-01-22 22:55:49','1989-08-09 15:48:07'),(62,'placeat','1999-10-04 19:57:17','2006-07-23 08:19:13'),(63,'quam','1984-11-05 13:45:08','1995-07-14 18:01:54'),(64,'sed','1998-03-11 09:13:57','2009-01-24 03:51:17'),(65,'a','2010-04-07 23:34:05','2010-08-30 14:38:47'),(66,'suscipit','1979-10-22 22:10:18','1988-06-20 14:40:03'),(67,'praesentium','2020-08-06 21:59:23','1987-10-09 05:52:35'),(68,'eos','2018-06-08 00:38:28','2003-06-02 16:14:32'),(69,'incidunt','2013-06-02 17:37:32','2007-01-07 03:52:31'),(70,'assumenda','2000-10-10 07:22:11','2004-01-31 03:06:46'),(71,'sit','1991-04-07 17:24:06','1983-06-13 16:59:44'),(72,'fugiat','2012-04-12 21:52:14','2013-09-16 03:30:03'),(73,'maiores','1981-08-12 19:11:30','2006-03-13 15:02:42'),(74,'ipsa','1999-12-19 03:47:17','1992-05-21 01:11:16'),(75,'dolorem','1980-06-13 10:33:32','2020-08-29 17:33:12'),(76,'sed','1984-06-25 03:47:27','1988-07-23 01:41:22'),(77,'in','2021-05-30 21:58:11','1989-07-14 06:08:14'),(78,'dolores','1988-09-25 22:03:41','1973-05-24 20:56:17'),(79,'iure','1994-04-14 16:47:13','1971-03-26 13:25:09'),(80,'porro','1993-01-11 20:52:10','2021-12-03 22:05:29'),(81,'accusamus','1982-04-16 02:41:26','1977-04-22 01:36:39'),(82,'non','1978-11-07 06:52:27','2015-03-25 05:10:33'),(83,'corrupti','1998-07-27 03:56:51','1991-03-26 21:34:49'),(84,'et','2003-04-26 17:56:48','2014-03-31 12:05:21'),(85,'quis','2003-11-28 12:27:16','1995-08-31 21:29:19'),(86,'optio','1972-11-14 00:05:37','1977-05-22 18:03:04'),(87,'qui','1985-05-24 20:32:24','1996-09-19 08:27:30'),(88,'atque','2014-05-25 08:55:28','1981-08-06 18:16:40'),(89,'optio','2006-11-23 03:42:20','1977-02-24 18:36:42'),(90,'est','1973-12-25 12:06:38','2002-03-17 13:08:50'),(91,'doloribus','2014-05-10 22:48:45','1992-12-28 11:45:14'),(92,'dolorem','1992-07-27 08:57:02','2013-04-09 01:21:14'),(93,'nam','1983-06-28 12:37:38','1993-12-27 02:31:57'),(94,'et','1996-10-22 01:17:30','2018-04-01 01:28:08'),(95,'voluptatem','1993-11-28 03:45:40','1978-11-20 16:19:05'),(96,'et','1993-03-17 17:03:22','2011-05-12 06:22:09'),(97,'voluptas','2017-04-19 09:08:22','2008-12-29 12:58:07'),(98,'quidem','1995-03-31 04:14:31','2010-02-28 19:07:35'),(99,'voluptatibus','2000-06-20 09:23:32','1971-12-04 08:27:11'),(100,'perspiciatis','2008-11-18 17:38:16','1975-09-05 15:51:54');
/*!40000 ALTER TABLE `media_types` ENABLE KEYS */;
UNLOCK TABLES;

--
-- Table structure for table `messages`
--

DROP TABLE IF EXISTS `messages`;
/*!40101 SET @saved_cs_client     = @@character_set_client */;
/*!40101 SET character_set_client = utf8 */;
CREATE TABLE `messages` (
  `id` bigint(20) unsigned NOT NULL AUTO_INCREMENT,
  `from_user_id` bigint(20) unsigned NOT NULL,
  `to_user_id` bigint(20) unsigned NOT NULL,
  `body` text COLLATE utf8mb4_unicode_ci DEFAULT NULL,
  `created_at` datetime DEFAULT current_timestamp(),
  PRIMARY KEY (`id`),
  KEY `from_user_id` (`from_user_id`),
  KEY `to_user_id` (`to_user_id`),
  CONSTRAINT `messages_ibfk_1` FOREIGN KEY (`from_user_id`) REFERENCES `users` (`id`) ON DELETE CASCADE ON UPDATE CASCADE,
  CONSTRAINT `messages_ibfk_2` FOREIGN KEY (`to_user_id`) REFERENCES `users` (`id`) ON DELETE CASCADE ON UPDATE CASCADE
) ENGINE=InnoDB AUTO_INCREMENT=101 DEFAULT CHARSET=utf8mb4 COLLATE=utf8mb4_unicode_ci;
/*!40101 SET character_set_client = @saved_cs_client */;

--
-- Dumping data for table `messages`
--

LOCK TABLES `messages` WRITE;
/*!40000 ALTER TABLE `messages` DISABLE KEYS */;
INSERT INTO `messages` VALUES (1,1,1,'Repellendus est voluptatum quis molestiae qui quo. Repellendus facilis laudantium ut nisi labore. Iure aut est id qui accusamus ut voluptate quidem. Dolorem tempora consequatur exercitationem. Autem consequatur ipsam est a.','2012-07-13 20:34:14'),(2,2,2,'Aut error quos excepturi ad. Provident beatae animi aliquid placeat ut aliquid dolores ea. Voluptatem modi et soluta eius consequatur.','2017-12-11 06:34:23'),(3,3,3,'Nihil eaque tenetur reprehenderit perferendis eos at. Minus velit voluptate maiores. Architecto eos ipsa est natus fuga sint non.','2004-07-28 21:00:45'),(4,4,4,'Laudantium nesciunt dolorem harum nisi. Eos eveniet sit quasi harum exercitationem. Fugiat eaque autem ut facilis voluptatem iusto. Ut est culpa id reiciendis nesciunt.','1975-03-05 23:31:53'),(5,5,5,'Voluptatum esse minima quisquam et. Odio voluptatem harum sit fugit. In quia eum praesentium rerum doloribus et ut.','2001-09-12 16:04:40'),(6,6,6,'Voluptas consectetur numquam quos et et. Amet sit odit qui et quas ipsam adipisci. Adipisci maxime dignissimos voluptatem consequatur facilis sint. Ut officiis velit nisi aliquam. In in velit expedita ad natus aut.','1981-07-20 02:44:26'),(7,7,7,'Doloremque labore consequatur laboriosam. Corrupti itaque aspernatur corporis fuga est aut omnis. Ipsam voluptatum distinctio qui labore accusamus. Accusamus autem facere enim non quibusdam.','2019-08-21 12:54:15'),(8,8,8,'Nemo ipsum et fugit libero voluptate repellendus. Accusamus adipisci quasi quos. Vel in quae enim error.','2006-06-11 02:46:14'),(9,9,9,'Maxime itaque consequatur repellat soluta illum velit voluptas pariatur. Qui consequuntur inventore aut quaerat. Odio minima reprehenderit tempora est. Rerum consectetur laborum repudiandae rerum eum minima.','2019-05-19 20:05:43'),(10,10,10,'Id aut non quia id placeat id rerum. Odio officia possimus libero maiores. Totam voluptatem et ipsum odit. Delectus ratione molestiae voluptate dolorem laboriosam.','1996-10-12 21:30:25'),(11,11,11,'Quo cumque accusamus rem non aut. Veritatis placeat quis fuga architecto similique velit. Minus et libero amet minima eos. Nisi distinctio dolorem distinctio maxime quasi non. Id omnis quae eos labore quasi est.','1974-03-16 19:05:09'),(12,12,12,'Et velit qui numquam consequatur non eum. Iusto sed voluptas odit id numquam et consectetur et. Quis modi nihil qui nam non aspernatur ut.','1975-08-10 01:16:46'),(13,13,13,'Maxime quis rerum quod tempora non. Aut tenetur eaque voluptatem perspiciatis. Saepe soluta tempore non adipisci. Molestiae ratione veritatis iusto.','2008-03-24 19:27:05'),(14,14,14,'Cumque saepe praesentium eveniet eos vel ut aliquam. Veritatis assumenda tempore vitae porro est est. Qui ut repellendus harum aut. Quo quo ex ullam maxime sit illum.','2018-07-17 12:20:30'),(15,15,15,'Ratione inventore vel quidem. Consequatur repellat dolore exercitationem laborum vero eveniet itaque. Atque in consectetur officia sed quis dolore. Magni dolorem nihil architecto autem vel sit.','1975-11-20 00:28:10'),(16,16,16,'Deserunt ratione molestiae qui sint. Inventore suscipit officiis officia consequuntur dolor neque ut nisi. Non velit sed vel.','1985-12-17 19:56:52'),(17,17,17,'Qui rem pariatur ex ipsam voluptatem tempore. Ut est aspernatur rerum est qui reiciendis officiis. Reiciendis enim accusamus tempora earum.','1975-05-10 20:57:37'),(18,18,18,'Repellat vel qui voluptatibus earum esse officia debitis eum. Consequatur eveniet fugiat iste. Ducimus autem natus iure autem reprehenderit.','1971-06-24 23:31:30'),(19,19,19,'Exercitationem optio est mollitia fugiat possimus. Doloribus suscipit suscipit id. Cumque dolorem ut et et voluptas necessitatibus voluptas. Animi illum rerum iusto cupiditate error occaecati eos.','1990-05-31 18:28:52'),(20,20,20,'Qui quibusdam vero sunt ut ipsam ab facilis recusandae. Ut possimus unde cum alias. Minus ut et quia autem veritatis aut in.','1988-12-13 22:05:09'),(21,21,21,'Illo porro eum qui impedit repellendus. Temporibus omnis tenetur ad atque. Eius aspernatur nisi est sed.','1983-10-25 12:21:02'),(22,22,22,'Sapiente eius voluptate officia. Eum ea omnis dicta corrupti dolore et ratione perspiciatis. Ut laudantium sed consequatur modi vero sed minus.','1981-08-09 18:18:29'),(23,23,23,'Eaque velit deserunt inventore eveniet amet est accusamus dolorem. Distinctio quia cumque nihil aut reiciendis. Aliquid hic nesciunt deleniti sunt ipsa est sed. Neque nihil tempora aut necessitatibus repudiandae enim rerum quia.','2004-01-29 23:32:39'),(24,24,24,'Commodi itaque dolor dicta. Et aut illo beatae omnis repudiandae. Provident a tempore omnis in excepturi ut nobis. Omnis id et quia corporis voluptate rerum.','1990-08-29 12:44:12'),(25,25,25,'Aspernatur harum totam qui. Veritatis consequatur praesentium rem qui rerum aut eum. Odio dolorem unde nesciunt explicabo id dolor atque. Fugit et a quod qui est nostrum rerum quis.','1973-01-31 07:10:45'),(26,26,26,'Sunt et ut ut totam voluptatibus placeat perspiciatis. Id occaecati quia distinctio. Est quia sit iure est libero recusandae omnis.','2006-07-15 13:12:34'),(27,27,27,'Repudiandae expedita deserunt omnis eum id. Inventore sit explicabo eos beatae sequi temporibus possimus. Quidem nihil voluptate repudiandae eveniet alias sit enim nihil.','1993-12-21 07:49:26'),(28,28,28,'Consequuntur fuga voluptas aut dicta deserunt repellendus. Et fuga tempora exercitationem impedit deleniti delectus. Minus architecto explicabo assumenda ab dicta est.','1990-03-10 08:17:29'),(29,29,29,'Vel animi magnam repellat quos aut et. Maxime facere repellat quidem omnis voluptate. Rerum assumenda sunt nihil quas quia quia.','2017-06-24 18:48:43'),(30,30,30,'Esse quam exercitationem quo voluptatem aspernatur aut fugit. Dicta ea quia qui rerum.','2016-01-30 18:19:37'),(31,31,31,'Et distinctio ullam laudantium quas. Dolorum dolores qui repellendus voluptatem. Enim reiciendis corrupti et minus molestiae itaque numquam sit. Reprehenderit quia possimus omnis quas.','2019-04-16 19:17:09'),(32,32,32,'Exercitationem repellat consequatur dolores vel. Delectus ea corrupti occaecati sapiente officiis laborum asperiores sit. Iusto suscipit culpa dignissimos illum et distinctio aut sunt. Est consequuntur nisi ut ipsa dolores autem quo.','2018-04-01 04:42:07'),(33,33,33,'Sit dolorum quaerat non et. Ut quasi incidunt aut facilis vel. Consequatur quo et dolores rerum eum.','1977-06-23 02:45:20'),(34,34,34,'Accusamus et distinctio ab eligendi quaerat. Vel consequatur eius dolorum qui hic. Voluptatum et sit voluptates est debitis voluptatem cumque. Et repellendus dolorum qui ut est ratione est reprehenderit.','2017-03-22 05:15:30'),(35,35,35,'Vitae et aut illum sed. Sunt quaerat iste vel alias sint nulla. Aut ratione delectus quis ut dolor. Sed in et atque voluptatem aliquid velit iste.','1980-09-24 21:57:03'),(36,36,36,'Itaque et vero veniam qui nihil libero minus libero. Et inventore magni ut dolorem ab aut omnis laboriosam. Consectetur minus architecto tenetur adipisci quasi consequatur fuga.','2005-08-12 08:18:32'),(37,37,37,'Quae qui ad iusto dolorem velit. Aut sed ut in tempore eligendi.','1994-02-24 00:29:59'),(38,38,38,'Magnam nihil soluta quasi explicabo blanditiis ut magni. Aliquam dolorum iste tempore odit et. Doloribus dolor quo neque ut et. Harum aperiam qui dolorem a eum autem odit.','1989-02-24 20:18:47'),(39,39,39,'Itaque qui non et similique. Impedit ut aliquid et earum ut. Et sequi tempora sed ut ratione quas rem. Dolorem in quisquam recusandae omnis rerum et in.','1977-04-17 22:17:24'),(40,40,40,'Voluptates placeat et beatae quia. Placeat temporibus quo voluptas incidunt. Sit nihil illum et voluptatem repudiandae aut. Rerum culpa placeat voluptas eum aliquid.','1997-05-21 00:11:16'),(41,41,41,'Possimus cumque consequatur saepe dicta maiores amet. Aliquid quia error odit ratione dignissimos asperiores. Nam harum nostrum excepturi nobis praesentium quo.','1987-07-22 02:41:47'),(42,42,42,'Sint enim minus voluptas vel. Voluptatem unde cum sit aut eum qui corporis commodi. Molestias dolor velit voluptate.','2011-10-15 04:26:06'),(43,43,43,'Accusantium voluptatem itaque voluptas excepturi. Consectetur corporis voluptate hic error. Voluptatum ipsa sed ut dolore.','2007-02-18 09:00:02'),(44,44,44,'Omnis nisi est et voluptas velit. Adipisci tempora magni ut sed. Esse quis id dolor quo. Doloribus dolores molestias quia sit voluptatem nam.','2019-10-04 19:52:04'),(45,45,45,'Molestiae in numquam suscipit repudiandae. Quibusdam voluptas quaerat ut eaque adipisci. Perferendis aut accusantium nesciunt qui officiis. Est atque modi explicabo ut illum ullam possimus facere.','1981-04-02 08:28:26'),(46,46,46,'Amet ipsa distinctio omnis placeat inventore corrupti. Necessitatibus sint molestiae quae eaque. Ullam et dolores quo neque quis ut.','1981-02-28 22:19:29'),(47,47,47,'Similique dolorem non expedita nesciunt est eaque odio. Omnis voluptatem provident veritatis qui ut laboriosam qui libero. Id quasi minus quia voluptatibus modi veritatis. Aut ut inventore labore eum tempore quo velit.','2002-06-11 15:08:37'),(48,48,48,'Enim sint perspiciatis atque. Et exercitationem rem voluptate unde ut voluptatem aut consequuntur. Exercitationem eum necessitatibus quasi iusto rerum quo impedit ut. Assumenda iure minus beatae.','1991-11-12 19:56:33'),(49,49,49,'Et molestias qui rerum velit. Assumenda ad esse itaque delectus. Ipsam nihil aut neque voluptas tenetur aut.','2005-11-11 01:55:22'),(50,50,50,'Dolores fugit tenetur dolor voluptatem reiciendis in aut est. Qui qui inventore est ea et beatae. Dolore hic amet soluta eaque omnis exercitationem natus. Debitis officia amet qui non dicta voluptas.','2001-02-15 05:04:04'),(51,51,51,'Omnis minus nihil optio quod dicta. Expedita pariatur ipsum placeat porro. Est magni eligendi eveniet ullam et amet. Amet facere earum ut cum qui.','1994-01-13 09:08:31'),(52,52,52,'Voluptas minus adipisci perspiciatis voluptatem. Molestias tenetur velit cupiditate reiciendis aperiam. Nam est expedita dolore.','2002-08-07 14:20:37'),(53,53,53,'Possimus qui eum suscipit at atque dolorem. Odit repellendus dolorem pariatur et deserunt quia aut.','1994-07-11 20:12:30'),(54,54,54,'Vitae hic et enim id qui officiis. Eos incidunt eos rerum quaerat recusandae est voluptate. Et quaerat voluptate vitae saepe.','1998-12-11 21:29:19'),(55,55,55,'Facere commodi qui sit occaecati minus voluptatem voluptatum minus. Laudantium hic et sit dolore laudantium quae deleniti. Quod temporibus deserunt vitae suscipit qui.','2001-04-13 04:17:19'),(56,56,56,'Fuga voluptate libero vel quis aspernatur. Possimus voluptas sequi et voluptas quidem. Neque ipsum aut maxime qui dolor ea maiores.','2005-05-18 17:36:27'),(57,57,57,'Culpa libero distinctio ut sunt reiciendis dolor ut. Incidunt dolores enim facere sint. Nesciunt ut numquam veniam ipsa. Fugit libero voluptas quod enim animi sint maiores.','2017-04-17 03:51:55'),(58,58,58,'Est itaque quaerat quas asperiores molestias aspernatur. Quos ipsa nemo illo animi tempora sed. Accusamus nesciunt rerum corporis.','1970-09-28 09:01:54'),(59,59,59,'Minus dolores amet sed. Recusandae quas temporibus illo dolor. Sit rem eum cumque sequi itaque. Placeat id inventore veritatis. Quo eveniet aut minus vel velit.','1970-12-12 00:13:25'),(60,60,60,'Et ut consequatur vitae vitae cum. Earum sit neque quo omnis sed dolorum eaque. Qui eos eaque totam fuga omnis. Est ipsam amet quia non non unde.','1975-03-24 05:36:44'),(61,61,61,'Provident libero incidunt illum ut quis placeat fugit. Nostrum blanditiis aut doloremque beatae nam voluptatem hic. Dicta quibusdam ut tenetur alias temporibus et. Facilis voluptate eos et nesciunt vel impedit et.','2004-08-02 08:47:40'),(62,62,62,'Facilis pariatur quam ut nobis consequatur est. Voluptatum molestiae explicabo ab et. Quia quia esse quia autem. Dolorum quasi deserunt eum temporibus doloremque.','1981-09-09 13:15:43'),(63,63,63,'Debitis labore excepturi necessitatibus laboriosam. Itaque nemo magnam perspiciatis reprehenderit sed in eum. Et excepturi in rerum earum. Aut suscipit aut et qui non. Harum magni aut quia eos dolorum.','2017-07-24 15:14:37'),(64,64,64,'Eaque rem sit omnis recusandae reprehenderit adipisci. Sit dolorem cumque quod est minima aliquid. Est ut quia facilis. Libero voluptatibus ut porro velit qui.','2008-01-23 12:51:17'),(65,65,65,'Doloremque dicta et repellat nam et ad esse. Cupiditate aperiam veniam atque nesciunt voluptatibus dignissimos. Deserunt dolorum repudiandae omnis eos qui ea corrupti. Omnis rem perspiciatis et eos.','1987-07-05 10:46:35'),(66,66,66,'In ea odio nemo aliquid et. Sunt illum provident amet voluptatum enim ad. Reprehenderit odit tenetur modi iure. Repellendus architecto qui laboriosam perspiciatis vel enim.','1970-11-29 16:19:25'),(67,67,67,'Sed voluptas facilis ut tenetur. Exercitationem non sed temporibus voluptatem voluptas sunt illo nihil. Quae fugit est ipsa nobis vel dolorum.','2009-02-18 02:12:26'),(68,68,68,'Et pariatur sit perspiciatis sed omnis quo aut. Natus a doloremque sed sunt ipsum. Nobis eum dignissimos velit et eos accusamus.','1991-02-25 04:06:00'),(69,69,69,'Quia qui eum qui dignissimos odio sed ab. Exercitationem est eveniet qui ratione nihil. Accusamus dolores eum aliquid quo est. Voluptas architecto quis quia placeat quisquam.','1972-12-27 15:45:02'),(70,70,70,'Eaque temporibus quis corrupti velit et eaque. Doloremque in repellat architecto accusantium qui modi quasi. Enim suscipit reprehenderit doloremque qui sapiente consequatur quisquam fugiat.','1970-05-03 06:42:32'),(71,71,71,'Doloremque repudiandae magni ut velit itaque. Magni voluptatem ad error consectetur. Quia dolores consequuntur consequuntur ut exercitationem corrupti quia.','1974-12-07 17:59:20'),(72,72,72,'Voluptatem quasi impedit quas doloribus sint eos non. Consequuntur natus aut ea quo vitae. Quas voluptatem voluptas minus animi voluptatem blanditiis commodi.','1979-08-28 08:31:04'),(73,73,73,'Consequatur repellat suscipit ipsum magnam inventore. Odit impedit eos quia sed. Vitae molestias voluptatum occaecati quia.','2013-03-30 23:12:54'),(74,74,74,'Nam incidunt doloribus recusandae rem. Reprehenderit nisi rerum repellendus voluptas doloribus quia. Optio aut eum recusandae cum omnis pariatur consectetur. At aliquam maxime iste asperiores consectetur hic.','2010-08-12 23:14:47'),(75,75,75,'Beatae velit qui illum omnis. Natus accusamus est tenetur commodi. Alias esse libero eum animi vel quas. Magnam consequuntur est consequatur voluptates consequatur.','1971-01-16 05:04:42'),(76,76,76,'Qui ex dolores nam. Recusandae consequatur velit odio numquam consequuntur et dolor. Est beatae explicabo quae saepe. Et labore odit nobis et necessitatibus et perspiciatis ab.','1977-02-17 21:34:05'),(77,77,77,'Hic quo nostrum blanditiis nemo odit officiis. Consequatur repudiandae earum veritatis consectetur labore ex.','1989-06-11 14:37:52'),(78,78,78,'Atque nesciunt aliquam et qui et praesentium et sunt. Aut non harum excepturi quidem ut.','1997-09-07 11:04:10'),(79,79,79,'Molestias et explicabo consectetur corrupti voluptatem quae est. Et minus aut vero non numquam facilis aliquid. Aut dolor quaerat assumenda aliquam quisquam quos dolores. Quia ut qui maxime. Error at repudiandae quia dolores sed.','1987-05-02 11:07:18'),(80,80,80,'Amet aut nemo ut consequuntur. Quo iure ut laboriosam aut mollitia id aut ea.','1996-07-17 11:09:21'),(81,81,81,'Voluptas voluptatem velit iure. Nesciunt omnis quam sint in perferendis. Consequatur qui blanditiis iure consequatur dolor dolores odio ad. Omnis ullam quam saepe dolor.','2012-10-07 23:51:18'),(82,82,82,'Cum repellendus in voluptatem inventore exercitationem at dolorem. Qui enim sapiente aut. Consequuntur ut et quae quia.','1977-03-09 07:06:23'),(83,83,83,'Et totam est possimus nihil id voluptas ad. Consectetur omnis cupiditate modi ex. Alias et quasi molestias nihil.','2005-05-17 01:54:44'),(84,84,84,'Fugiat odit temporibus saepe ut omnis qui. Maxime maiores dignissimos et aspernatur dolore. Consequatur dolorem rerum nihil minima sunt aliquam ea.','1996-03-11 21:37:20'),(85,85,85,'Dignissimos repudiandae occaecati ratione consequatur. Repellat recusandae eos sapiente.','2000-11-06 22:50:54'),(86,86,86,'Voluptatem officia et est reprehenderit. Expedita maxime ipsa tenetur enim. Saepe consequatur perferendis et. Enim numquam a vel. Explicabo voluptas perspiciatis quam soluta.','2017-10-06 10:43:36'),(87,87,87,'Magni perferendis quas optio ex temporibus et. Et illo dolore ut necessitatibus nobis. Eum est velit ratione magnam quam provident quia.','1971-11-04 02:35:33'),(88,88,88,'Nesciunt autem alias architecto aperiam repudiandae. In et cumque unde enim. Est eius sint quaerat impedit tempora. Ut illum nihil et a.','2009-09-26 01:12:02'),(89,89,89,'Harum fugiat voluptas ipsum. Ut dolore quae necessitatibus dolorum impedit quae voluptatem. Molestiae assumenda odio quibusdam adipisci quasi. Autem voluptas nostrum impedit.','2002-09-22 01:42:15'),(90,90,90,'Ea minima harum id et nulla sunt. Quod exercitationem quas sequi porro unde dolor. Veniam sed odio aspernatur porro vitae esse. Laudantium est nobis dolor ut occaecati voluptas consectetur. Et est quidem soluta saepe.','1980-04-24 16:10:30'),(91,91,91,'Est nam aliquid quia quia repellendus vitae incidunt. Atque dolores ut sunt iusto quibusdam molestias rerum. Minima tempore maiores a ea sint ab excepturi. Non voluptate dolores id mollitia consequuntur illum quibusdam.','1983-09-30 02:58:28'),(92,92,92,'Delectus iste assumenda voluptas dolore. Enim quas qui eum molestiae non sit. Rerum quas provident sed reprehenderit minus veritatis. Aut expedita illum voluptatibus illo reprehenderit.','2017-07-14 01:25:28'),(93,93,93,'Quo nihil rem soluta rerum saepe saepe provident qui. Maiores modi excepturi odio dolore repellat. Similique occaecati sapiente culpa aperiam assumenda adipisci. In cum ex ut rerum nulla totam nemo.','2000-09-12 03:47:55'),(94,94,94,'Et libero qui doloribus officiis. Vel non omnis itaque. Qui aut possimus numquam nemo molestiae. Voluptatem quod adipisci deleniti adipisci autem omnis omnis quae.','1982-06-17 07:13:37'),(95,95,95,'Doloribus totam iusto impedit doloribus ducimus commodi illum. Repellat adipisci beatae neque maxime quidem et.','1989-01-11 01:31:08'),(96,96,96,'Omnis sunt ut sed eius error deserunt vitae non. Et ut impedit recusandae nihil nam omnis sapiente. Aut consequuntur et aut similique debitis enim.','1991-07-04 00:58:15'),(97,97,97,'Saepe tempora vel voluptas eveniet perferendis dolore suscipit. Magnam aut nihil sed. Tempore soluta dolores tempore eligendi et.','1977-02-28 20:19:44'),(98,98,98,'Sequi est provident excepturi ut rerum. Consequuntur veniam molestias culpa qui alias qui. Dolorem eum voluptatem nesciunt est ratione.','2019-08-20 15:14:59'),(99,99,99,'In sed omnis ut placeat ipsum et nesciunt. Quis eum perspiciatis expedita voluptate officiis atque voluptatem sapiente. Esse quia et architecto nihil architecto nam provident enim. Nostrum ex possimus repellat et tempora maiores.','1980-05-12 07:08:35'),(100,100,100,'Inventore qui at minima ut maiores. Cupiditate molestias eos et provident. Rerum sint animi recusandae consectetur.','1972-02-07 11:38:06');
/*!40000 ALTER TABLE `messages` ENABLE KEYS */;
UNLOCK TABLES;

--
-- Table structure for table `photo_albums`
--

DROP TABLE IF EXISTS `photo_albums`;
/*!40101 SET @saved_cs_client     = @@character_set_client */;
/*!40101 SET character_set_client = utf8 */;
CREATE TABLE `photo_albums` (
  `id` bigint(20) unsigned NOT NULL AUTO_INCREMENT,
  `name` varchar(255) COLLATE utf8mb4_unicode_ci DEFAULT NULL,
  `user_id` bigint(20) unsigned DEFAULT NULL,
  PRIMARY KEY (`id`),
  UNIQUE KEY `id` (`id`),
  KEY `user_id` (`user_id`),
  CONSTRAINT `photo_albums_ibfk_1` FOREIGN KEY (`user_id`) REFERENCES `users` (`id`) ON DELETE SET NULL ON UPDATE CASCADE
) ENGINE=InnoDB AUTO_INCREMENT=101 DEFAULT CHARSET=utf8mb4 COLLATE=utf8mb4_unicode_ci;
/*!40101 SET character_set_client = @saved_cs_client */;

--
-- Dumping data for table `photo_albums`
--

LOCK TABLES `photo_albums` WRITE;
/*!40000 ALTER TABLE `photo_albums` DISABLE KEYS */;
INSERT INTO `photo_albums` VALUES (1,'dignissimos',1),(2,'quisquam',2),(3,'sed',3),(4,'voluptatem',4),(5,'atque',5),(6,'assumenda',6),(7,'omnis',7),(8,'aut',8),(9,'sit',9),(10,'earum',10),(11,'accusantium',11),(12,'debitis',12),(13,'unde',13),(14,'assumenda',14),(15,'non',15),(16,'sapiente',16),(17,'quibusdam',17),(18,'itaque',18),(19,'aperiam',19),(20,'aut',20),(21,'reiciendis',21),(22,'praesentium',22),(23,'sunt',23),(24,'sint',24),(25,'est',25),(26,'laudantium',26),(27,'ut',27),(28,'omnis',28),(29,'provident',29),(30,'in',30),(31,'impedit',31),(32,'dignissimos',32),(33,'et',33),(34,'molestias',34),(35,'rerum',35),(36,'dolor',36),(37,'iste',37),(38,'quas',38),(39,'in',39),(40,'nisi',40),(41,'occaecati',41),(42,'assumenda',42),(43,'qui',43),(44,'excepturi',44),(45,'consequatur',45),(46,'at',46),(47,'natus',47),(48,'modi',48),(49,'voluptatem',49),(50,'quia',50),(51,'nulla',51),(52,'expedita',52),(53,'sed',53),(54,'et',54),(55,'nemo',55),(56,'aspernatur',56),(57,'ut',57),(58,'accusamus',58),(59,'autem',59),(60,'sit',60),(61,'officiis',61),(62,'est',62),(63,'soluta',63),(64,'omnis',64),(65,'quos',65),(66,'eum',66),(67,'nostrum',67),(68,'minima',68),(69,'et',69),(70,'a',70),(71,'facere',71),(72,'aut',72),(73,'sunt',73),(74,'eligendi',74),(75,'qui',75),(76,'autem',76),(77,'ut',77),(78,'et',78),(79,'natus',79),(80,'illum',80),(81,'asperiores',81),(82,'exercitationem',82),(83,'sed',83),(84,'nihil',84),(85,'enim',85),(86,'et',86),(87,'qui',87),(88,'nobis',88),(89,'consectetur',89),(90,'atque',90),(91,'rerum',91),(92,'voluptatem',92),(93,'quia',93),(94,'aut',94),(95,'nisi',95),(96,'blanditiis',96),(97,'incidunt',97),(98,'alias',98),(99,'beatae',99),(100,'sint',100);
/*!40000 ALTER TABLE `photo_albums` ENABLE KEYS */;
UNLOCK TABLES;

--
-- Table structure for table `photos`
--

DROP TABLE IF EXISTS `photos`;
/*!40101 SET @saved_cs_client     = @@character_set_client */;
/*!40101 SET character_set_client = utf8 */;
CREATE TABLE `photos` (
  `id` bigint(20) unsigned NOT NULL AUTO_INCREMENT,
  `album_id` bigint(20) unsigned NOT NULL,
  `media_id` bigint(20) unsigned NOT NULL,
  PRIMARY KEY (`id`),
  KEY `album_id` (`album_id`),
  KEY `media_id` (`media_id`),
  CONSTRAINT `photos_ibfk_1` FOREIGN KEY (`album_id`) REFERENCES `photo_albums` (`id`) ON DELETE CASCADE ON UPDATE CASCADE,
  CONSTRAINT `photos_ibfk_2` FOREIGN KEY (`media_id`) REFERENCES `media` (`id`) ON DELETE CASCADE ON UPDATE CASCADE
) ENGINE=InnoDB AUTO_INCREMENT=101 DEFAULT CHARSET=utf8mb4 COLLATE=utf8mb4_unicode_ci;
/*!40101 SET character_set_client = @saved_cs_client */;

--
-- Dumping data for table `photos`
--

LOCK TABLES `photos` WRITE;
/*!40000 ALTER TABLE `photos` DISABLE KEYS */;
INSERT INTO `photos` VALUES (1,1,1),(2,2,2),(3,3,3),(4,4,4),(5,5,5),(6,6,6),(7,7,7),(8,8,8),(9,9,9),(10,10,10),(11,11,11),(12,12,12),(13,13,13),(14,14,14),(15,15,15),(16,16,16),(17,17,17),(18,18,18),(19,19,19),(20,20,20),(21,21,21),(22,22,22),(23,23,23),(24,24,24),(25,25,25),(26,26,26),(27,27,27),(28,28,28),(29,29,29),(30,30,30),(31,31,31),(32,32,32),(33,33,33),(34,34,34),(35,35,35),(36,36,36),(37,37,37),(38,38,38),(39,39,39),(40,40,40),(41,41,41),(42,42,42),(43,43,43),(44,44,44),(45,45,45),(46,46,46),(47,47,47),(48,48,48),(49,49,49),(50,50,50),(51,51,51),(52,52,52),(53,53,53),(54,54,54),(55,55,55),(56,56,56),(57,57,57),(58,58,58),(59,59,59),(60,60,60),(61,61,61),(62,62,62),(63,63,63),(64,64,64),(65,65,65),(66,66,66),(67,67,67),(68,68,68),(69,69,69),(70,70,70),(71,71,71),(72,72,72),(73,73,73),(74,74,74),(75,75,75),(76,76,76),(77,77,77),(78,78,78),(79,79,79),(80,80,80),(81,81,81),(82,82,82),(83,83,83),(84,84,84),(85,85,85),(86,86,86),(87,87,87),(88,88,88),(89,89,89),(90,90,90),(91,91,91),(92,92,92),(93,93,93),(94,94,94),(95,95,95),(96,96,96),(97,97,97),(98,98,98),(99,99,99),(100,100,100);
/*!40000 ALTER TABLE `photos` ENABLE KEYS */;
UNLOCK TABLES;

--
-- Table structure for table `posts`
--

DROP TABLE IF EXISTS `posts`;
/*!40101 SET @saved_cs_client     = @@character_set_client */;
/*!40101 SET character_set_client = utf8 */;
CREATE TABLE `posts` (
  `id` bigint(20) unsigned NOT NULL AUTO_INCREMENT,
  `name` varchar(30) COLLATE utf8mb4_unicode_ci NOT NULL,
  `descript` varchar(30) COLLATE utf8mb4_unicode_ci NOT NULL,
  `content` varchar(30) COLLATE utf8mb4_unicode_ci NOT NULL,
  `author` varchar(20) COLLATE utf8mb4_unicode_ci DEFAULT NULL,
  `post_id` bigint(20) unsigned NOT NULL,
  `created_at` datetime DEFAULT current_timestamp(),
  PRIMARY KEY (`id`),
  KEY `post_id` (`post_id`),
  CONSTRAINT `posts_ibfk_1` FOREIGN KEY (`post_id`) REFERENCES `users` (`id`) ON DELETE CASCADE ON UPDATE CASCADE
) ENGINE=InnoDB AUTO_INCREMENT=101 DEFAULT CHARSET=utf8mb4 COLLATE=utf8mb4_unicode_ci;
/*!40101 SET character_set_client = @saved_cs_client */;

--
-- Dumping data for table `posts`
--

LOCK TABLES `posts` WRITE;
/*!40000 ALTER TABLE `posts` DISABLE KEYS */;
INSERT INTO `posts` VALUES (1,'sit','','Ducimus ea quae alias debitis ',NULL,1,'1991-11-30 05:05:00'),(2,'fugiat','','Et repudiandae fugiat quaerat ',NULL,2,'1983-12-13 08:51:01'),(3,'consequuntur','','Dolor distinctio officiis eum ',NULL,3,'1980-04-18 13:14:37'),(4,'blanditiis','','Natus architecto odio odio ass',NULL,4,'2012-04-13 05:47:09'),(5,'ut','','Voluptates voluptatem voluptat',NULL,5,'1994-04-22 14:34:58'),(6,'consequatur','','Dolor ut et quod velit. Asperi',NULL,6,'1980-07-08 02:20:25'),(7,'perferendis','','Architecto nostrum quam culpa ',NULL,7,'1995-08-20 13:17:03'),(8,'ex','','Enim enim praesentium velit ve',NULL,8,'1981-01-11 12:11:27'),(9,'cum','','Aut et quis libero autem conse',NULL,9,'2001-02-16 05:24:08'),(10,'molestias','','Culpa ad alias unde alias laud',NULL,10,'1987-05-16 18:48:35'),(11,'sunt','','Qui ducimus nisi quidem rerum.',NULL,11,'1983-11-07 02:29:00'),(12,'excepturi','','Eaque aut perferendis natus ei',NULL,12,'2002-04-29 13:16:03'),(13,'commodi','','Voluptatem aspernatur inventor',NULL,13,'1986-11-14 13:55:57'),(14,'provident','','Vel aspernatur autem minus rep',NULL,14,'1990-10-27 04:44:10'),(15,'error','','Voluptates odio et nisi eos. E',NULL,15,'2015-12-18 20:17:16'),(16,'dicta','','Non pariatur ad accusantium re',NULL,16,'2013-02-07 04:48:15'),(17,'quisquam','','Deleniti architecto est ea acc',NULL,17,'1970-07-04 18:43:09'),(18,'maxime','','Aliquam quo quia ut autem iste',NULL,18,'2011-07-05 20:12:01'),(19,'consequuntur','','Eligendi modi sapiente volupta',NULL,19,'1970-05-05 01:59:16'),(20,'amet','','Enim et nostrum quia numquam a',NULL,20,'2013-05-05 17:17:11'),(21,'quisquam','','Libero non suscipit illo in ve',NULL,21,'1994-06-16 01:17:00'),(22,'odio','','Eveniet est pariatur ea in qua',NULL,22,'1983-01-23 08:13:57'),(23,'voluptas','','Totam eius dignissimos numquam',NULL,23,'1988-03-04 06:25:48'),(24,'sit','','Iusto laboriosam natus quo dol',NULL,24,'1982-12-01 17:22:36'),(25,'quae','','Excepturi quo in sunt animi qu',NULL,25,'1997-07-27 01:44:29'),(26,'reiciendis','','Harum eaque possimus blanditii',NULL,26,'1985-10-20 18:34:44'),(27,'et','','Fugiat maiores quaerat volupta',NULL,27,'1996-02-16 11:46:43'),(28,'et','','Facilis omnis qui qui ex molli',NULL,28,'2012-12-28 23:36:22'),(29,'molestiae','','Omnis id quibusdam qui. Totam ',NULL,29,'2004-03-30 21:47:56'),(30,'repellat','','Voluptas soluta nobis esse vol',NULL,30,'2007-07-19 17:13:59'),(31,'molestiae','','Incidunt sint qui omnis mollit',NULL,31,'1999-01-25 14:58:46'),(32,'impedit','','Alias expedita qui consequatur',NULL,32,'2005-01-05 16:50:47'),(33,'non','','Laborum aut quibusdam ea minus',NULL,33,'2017-09-15 20:13:48'),(34,'quos','','Odio a voluptas labore exceptu',NULL,34,'2019-02-23 21:54:56'),(35,'eum','','Ut qui molestiae illo laudanti',NULL,35,'2015-02-17 14:51:17'),(36,'est','','Et temporibus et voluptatem iu',NULL,36,'1985-12-22 21:30:52'),(37,'dolor','','Eos ut ut eius accusantium qua',NULL,37,'2002-10-11 12:09:10'),(38,'ut','','Ut dignissimos sapiente necess',NULL,38,'1988-11-28 05:09:15'),(39,'error','','Nulla ipsam et esse exercitati',NULL,39,'1986-12-24 11:02:29'),(40,'dolorum','','Velit molestias libero aperiam',NULL,40,'1996-11-29 21:21:10'),(41,'tempore','','Numquam eos nesciunt harum vol',NULL,41,'1975-10-23 14:26:08'),(42,'perferendis','','Nihil dolores laboriosam maior',NULL,42,'1997-01-15 20:58:22'),(43,'nihil','','Ex autem est non quibusdam nos',NULL,43,'1983-10-05 16:18:11'),(44,'earum','','Et quia odio et sed aut. Eveni',NULL,44,'2003-08-21 06:53:04'),(45,'dolorem','','Molestiae doloribus ducimus qu',NULL,45,'2006-08-20 08:25:55'),(46,'adipisci','','Delectus illum ex a perferendi',NULL,46,'2008-03-01 15:31:08'),(47,'enim','','Consectetur assumenda quaerat ',NULL,47,'1983-04-28 04:17:13'),(48,'quisquam','','Et ea minima modi facilis impe',NULL,48,'1981-11-27 09:42:30'),(49,'voluptatem','','Sint enim nihil occaecati atqu',NULL,49,'1976-06-14 22:27:40'),(50,'ad','','Non voluptatem nesciunt repreh',NULL,50,'1992-12-09 12:26:28'),(51,'beatae','','Enim est placeat eveniet. Offi',NULL,51,'2011-09-16 06:13:13'),(52,'veniam','','Culpa nostrum officia aut vita',NULL,52,'1970-09-11 04:31:22'),(53,'aspernatur','','Suscipit non expedita occaecat',NULL,53,'2012-03-24 13:09:04'),(54,'sed','','Pariatur eius iure reprehender',NULL,54,'1985-08-03 20:35:57'),(55,'fuga','','Culpa consequuntur repellendus',NULL,55,'1970-06-18 00:56:31'),(56,'ut','','Cupiditate reprehenderit volup',NULL,56,'1975-09-10 12:10:40'),(57,'in','','Doloremque possimus non libero',NULL,57,'2000-11-01 19:07:16'),(58,'quidem','','Quia autem atque sapiente anim',NULL,58,'1984-10-01 20:48:10'),(59,'ipsum','','Eaque vitae ad error dicta quo',NULL,59,'2017-02-28 05:18:02'),(60,'facere','','Odit consequuntur quaerat ut a',NULL,60,'2005-11-12 11:17:50'),(61,'amet','','Qui error voluptatem animi ali',NULL,61,'1976-11-12 08:05:21'),(62,'assumenda','','Quibusdam fugit officia numqua',NULL,62,'1980-09-20 18:49:26'),(63,'ipsam','','Nulla laborum magnam dolor imp',NULL,63,'1973-09-09 09:02:28'),(64,'qui','','Quasi praesentium eaque dolore',NULL,64,'1996-04-30 01:58:38'),(65,'sint','','Sunt similique sit sit illum a',NULL,65,'2008-10-18 13:18:04'),(66,'amet','','Nostrum libero quos quia omnis',NULL,66,'1976-07-08 00:10:49'),(67,'quaerat','','Minima dolores fugiat accusamu',NULL,67,'1998-02-01 19:51:45'),(68,'ad','','Consequuntur voluptatibus non ',NULL,68,'1984-09-07 08:56:21'),(69,'expedita','','Est pariatur nemo qui ducimus ',NULL,69,'2004-04-08 18:13:41'),(70,'aut','','Ea nostrum saepe temporibus te',NULL,70,'1984-12-22 09:58:22'),(71,'quasi','','Reiciendis expedita corrupti l',NULL,71,'1970-11-17 02:12:33'),(72,'aut','','Odit voluptates commodi ut ear',NULL,72,'1983-02-13 13:55:02'),(73,'vel','','Aliquam eos reiciendis quos at',NULL,73,'2012-01-25 06:50:38'),(74,'vel','','Non quisquam id omnis ut. Labo',NULL,74,'2001-11-05 22:16:30'),(75,'quam','','Harum illo ea est tenetur sit ',NULL,75,'1998-07-12 16:29:28'),(76,'repudiandae','','Cum molestiae minima porro eni',NULL,76,'1997-01-01 03:41:37'),(77,'qui','','Id enim sit quis illo. Quo eum',NULL,77,'2008-04-08 04:49:51'),(78,'explicabo','','Commodi accusamus impedit est ',NULL,78,'2007-01-06 22:09:32'),(79,'rerum','','Ea labore est voluptas molesti',NULL,79,'2002-10-10 06:51:04'),(80,'et','','Tenetur et aspernatur et minus',NULL,80,'1975-09-30 11:05:53'),(81,'libero','','Sapiente ipsam quos id ullam. ',NULL,81,'2014-06-19 02:28:16'),(82,'molestias','','Corporis atque ipsam ut. Et es',NULL,82,'1997-09-03 20:24:20'),(83,'at','','Minima tempora laboriosam alia',NULL,83,'2021-05-06 00:52:49'),(84,'natus','','At est consectetur consequatur',NULL,84,'2011-08-28 09:15:48'),(85,'cum','','Non quas cumque corrupti. Vel ',NULL,85,'1985-07-19 21:24:24'),(86,'consectetur','','Rerum dolore molestiae laborio',NULL,86,'1973-11-25 03:33:14'),(87,'eius','','Animi magnam sit sed sapiente ',NULL,87,'2015-01-14 20:19:43'),(88,'ducimus','','Qui dolore et suscipit ut volu',NULL,88,'1972-12-04 19:40:22'),(89,'accusamus','','Enim qui qui et. Corporis aute',NULL,89,'1970-01-30 17:41:27'),(90,'soluta','','Odio repudiandae voluptatum id',NULL,90,'1991-09-14 03:28:14'),(91,'qui','','Quia iure quidem id autem. Vol',NULL,91,'2002-05-27 22:34:41'),(92,'saepe','','Neque vero soluta reprehenderi',NULL,92,'2008-07-10 06:59:44'),(93,'provident','','Et sed cumque sint voluptatem.',NULL,93,'1998-09-23 13:09:01'),(94,'ut','','Officia impedit amet consequat',NULL,94,'2001-02-10 12:29:51'),(95,'deleniti','','Delectus eos esse ut est odit ',NULL,95,'1997-06-08 19:47:13'),(96,'qui','','Voluptatem et accusamus ipsa n',NULL,96,'2019-10-07 20:09:46'),(97,'iste','','Ipsum tempora vel cum molestia',NULL,97,'2011-10-06 23:45:12'),(98,'quia','','Ut maxime veniam ratione esse ',NULL,98,'2018-07-29 07:02:49'),(99,'nam','','Excepturi dolor dolore qui vel',NULL,99,'2017-07-31 21:29:59'),(100,'quia','','Deleniti officia corrupti volu',NULL,100,'1988-02-14 06:15:14');
/*!40000 ALTER TABLE `posts` ENABLE KEYS */;
UNLOCK TABLES;

--
-- Table structure for table `profiles`
--

DROP TABLE IF EXISTS `profiles`;
/*!40101 SET @saved_cs_client     = @@character_set_client */;
/*!40101 SET character_set_client = utf8 */;
CREATE TABLE `profiles` (
  `user_id` bigint(20) unsigned NOT NULL AUTO_INCREMENT,
  `gender` char(1) COLLATE utf8mb4_unicode_ci DEFAULT NULL,
  `birthday` date DEFAULT NULL,
  `photo_id` bigint(20) unsigned DEFAULT NULL,
  `created_at` datetime DEFAULT current_timestamp(),
  `hometown` varchar(100) COLLATE utf8mb4_unicode_ci DEFAULT NULL,
  PRIMARY KEY (`user_id`),
  KEY `fk_photo_id` (`photo_id`),
  CONSTRAINT `fk_photo_id` FOREIGN KEY (`photo_id`) REFERENCES `photos` (`id`) ON DELETE SET NULL ON UPDATE CASCADE,
  CONSTRAINT `fk_user_id` FOREIGN KEY (`user_id`) REFERENCES `users` (`id`) ON DELETE CASCADE ON UPDATE CASCADE
) ENGINE=InnoDB AUTO_INCREMENT=101 DEFAULT CHARSET=utf8mb4 COLLATE=utf8mb4_unicode_ci;
/*!40101 SET character_set_client = @saved_cs_client */;

--
-- Dumping data for table `profiles`
--

LOCK TABLES `profiles` WRITE;
/*!40000 ALTER TABLE `profiles` DISABLE KEYS */;
INSERT INTO `profiles` VALUES (1,'4','1995-07-18',1,'1975-07-13 07:14:38',NULL),(2,'','1985-01-16',2,'2015-06-01 20:09:03',NULL),(3,'5','2003-07-29',3,'1981-03-27 20:33:56',NULL),(4,'9','2015-07-25',4,'1982-07-06 11:57:08',NULL),(5,'4','1989-06-12',5,'1998-05-17 22:25:38',NULL),(6,'1','2020-11-07',6,'2021-04-24 01:32:32',NULL),(7,'4','1990-12-02',7,'1994-09-25 21:24:05',NULL),(8,'6','2015-09-03',8,'1991-07-08 12:43:56',NULL),(9,'1','1970-08-27',9,'2011-11-19 10:14:11',NULL),(10,'7','2006-10-20',10,'2017-03-21 04:10:54',NULL),(11,'6','1987-08-24',11,'2008-02-01 08:05:07',NULL),(12,'8','1978-05-14',12,'2003-12-13 07:29:38',NULL),(13,'5','1999-07-14',13,'1986-01-02 08:39:46',NULL),(14,'','2007-10-27',14,'2001-03-03 22:14:07',NULL),(15,'9','1997-06-17',15,'2005-01-26 07:48:22',NULL),(16,'','1987-07-31',16,'1973-08-23 03:36:12',NULL),(17,'4','2001-07-21',17,'2008-06-06 21:36:36',NULL),(18,'2','1970-05-18',18,'1979-08-28 04:07:02',NULL),(19,'','1970-06-03',19,'2018-09-18 22:44:35',NULL),(20,'1','1975-02-14',20,'2010-06-08 15:59:45',NULL),(21,'8','2017-06-17',21,'2019-08-25 07:07:44',NULL),(22,'','2000-01-14',22,'1985-07-23 23:35:33',NULL),(23,'2','2000-02-26',23,'2001-12-23 05:08:37',NULL),(24,'5','1995-07-10',24,'2010-11-22 02:53:56',NULL),(25,'4','1987-05-26',25,'1973-08-11 04:56:55',NULL),(26,'5','1974-02-06',26,'1982-12-02 08:49:13',NULL),(27,'','1974-12-27',27,'2007-05-28 12:08:10',NULL),(28,'2','1995-04-30',28,'1998-06-16 15:46:03',NULL),(29,'4','2006-10-19',29,'2000-09-23 01:03:02',NULL),(30,'8','1985-03-16',30,'2019-12-19 16:24:06',NULL),(31,'8','1980-12-05',31,'1981-09-16 06:13:55',NULL),(32,'4','2014-12-03',32,'1983-03-12 00:19:41',NULL),(33,'1','1991-02-03',33,'2011-07-20 05:57:23',NULL),(34,'3','2017-11-26',34,'2008-11-30 13:27:06',NULL),(35,'4','1988-12-23',35,'2001-06-03 08:02:17',NULL),(36,'8','2010-07-30',36,'1993-05-15 18:01:34',NULL),(37,'1','1998-08-02',37,'1980-12-20 06:42:45',NULL),(38,'6','1977-03-22',38,'2019-04-30 18:17:16',NULL),(39,'9','1976-11-02',39,'2015-11-01 23:19:41',NULL),(40,'1','1976-10-27',40,'2007-11-26 02:44:12',NULL),(41,'6','2012-04-07',41,'1971-12-17 02:35:35',NULL),(42,'8','2013-04-14',42,'2007-07-08 00:24:58',NULL),(43,'5','2006-08-28',43,'1994-02-10 07:59:27',NULL),(44,'5','1977-05-20',44,'1991-12-10 23:09:20',NULL),(45,'2','2019-04-23',45,'1984-10-17 04:10:57',NULL),(46,'9','1995-01-12',46,'2001-04-25 04:43:14',NULL),(47,'4','1991-12-09',47,'1987-11-26 07:16:37',NULL),(48,'6','1982-10-04',48,'1986-03-27 07:16:02',NULL),(49,'1','1991-10-23',49,'2000-06-03 21:39:14',NULL),(50,'6','1992-11-15',50,'1990-08-15 16:12:45',NULL),(51,'1','2009-08-16',51,'2015-06-28 10:26:15',NULL),(52,'5','2013-03-20',52,'2006-05-21 04:50:23',NULL),(53,'8','1977-04-04',53,'2018-07-02 20:02:51',NULL),(54,'1','1972-01-19',54,'1980-10-29 19:18:44',NULL),(55,'6','1987-04-01',55,'1975-04-06 20:18:42',NULL),(56,'7','2006-02-07',56,'1979-12-26 17:27:20',NULL),(57,'3','1997-10-16',57,'2008-07-05 06:50:31',NULL),(58,'2','1973-10-08',58,'2007-07-22 04:08:32',NULL),(59,'3','2015-03-02',59,'1974-05-01 17:51:43',NULL),(60,'8','1996-03-18',60,'1978-10-28 08:39:57',NULL),(61,'4','2011-02-22',61,'1973-11-05 04:54:06',NULL),(62,'9','1975-09-23',62,'2000-09-29 13:53:29',NULL),(63,'4','2016-12-07',63,'2017-12-25 17:27:46',NULL),(64,'3','1974-06-28',64,'2007-09-09 03:31:41',NULL),(65,'5','2005-06-16',65,'2018-04-17 19:29:45',NULL),(66,'2','1991-01-31',66,'2014-02-05 20:25:33',NULL),(67,'3','1975-05-11',67,'2021-07-23 20:22:45',NULL),(68,'8','2019-03-13',68,'1975-12-19 03:48:57',NULL),(69,'9','2006-04-12',69,'1984-12-08 16:59:59',NULL),(70,'8','1993-03-05',70,'2000-09-19 05:19:22',NULL),(71,'4','1975-11-12',71,'2015-06-14 10:46:28',NULL),(72,'2','1998-12-18',72,'1992-07-03 03:15:43',NULL),(73,'9','2001-04-18',73,'1974-12-03 19:47:47',NULL),(74,'3','1996-09-14',74,'1995-12-12 11:37:44',NULL),(75,'8','2000-05-16',75,'1978-01-07 09:39:15',NULL),(76,'5','2007-07-31',76,'1997-07-25 18:18:04',NULL),(77,'4','1989-06-19',77,'1996-04-04 21:16:59',NULL),(78,'2','2010-03-21',78,'1984-10-27 18:18:18',NULL),(79,'2','2021-02-01',79,'1987-09-02 03:21:43',NULL),(80,'7','1989-02-13',80,'2008-02-01 20:56:25',NULL),(81,'9','2010-06-15',81,'1979-12-18 10:56:45',NULL),(82,'5','1988-05-10',82,'2013-05-17 22:13:53',NULL),(83,'5','1974-08-31',83,'1978-03-13 01:33:45',NULL),(84,'1','2012-07-01',84,'1978-07-28 18:34:33',NULL),(85,'9','2010-06-30',85,'1985-03-25 08:24:40',NULL),(86,'6','2017-08-18',86,'1972-02-04 21:13:10',NULL),(87,'8','1976-02-17',87,'2012-09-01 20:07:04',NULL),(88,'3','2008-01-15',88,'1973-11-20 11:39:22',NULL),(89,'6','2006-01-27',89,'1973-04-02 20:21:01',NULL),(90,'3','1980-03-30',90,'1982-03-04 04:17:25',NULL),(91,'3','1972-12-19',91,'1982-04-19 07:39:30',NULL),(92,'','1982-07-30',92,'2010-12-28 18:53:20',NULL),(93,'4','1986-04-03',93,'1980-04-06 18:02:02',NULL),(94,'1','2013-09-15',94,'1989-12-18 21:00:05',NULL),(95,'7','1999-07-01',95,'1985-12-13 05:19:01',NULL),(96,'6','2014-12-24',96,'1983-06-07 04:30:36',NULL),(97,'6','2000-09-14',97,'2014-08-18 15:08:40',NULL),(98,'5','1999-07-26',98,'1999-05-30 00:15:20',NULL),(99,'8','1987-11-12',99,'1972-03-01 21:04:17',NULL),(100,'6','1983-02-09',100,'1993-09-08 07:39:58',NULL);
/*!40000 ALTER TABLE `profiles` ENABLE KEYS */;
UNLOCK TABLES;

--
-- Table structure for table `users`
--

DROP TABLE IF EXISTS `users`;
/*!40101 SET @saved_cs_client     = @@character_set_client */;
/*!40101 SET character_set_client = utf8 */;
CREATE TABLE `users` (
  `id` bigint(20) unsigned NOT NULL AUTO_INCREMENT,
  `firstname` varchar(100) COLLATE utf8mb4_unicode_ci DEFAULT NULL,
  `lastname` varchar(100) COLLATE utf8mb4_unicode_ci DEFAULT NULL COMMENT 'Фамилия',
  `email` varchar(100) COLLATE utf8mb4_unicode_ci DEFAULT NULL,
  `password_hash` varchar(100) COLLATE utf8mb4_unicode_ci DEFAULT NULL,
  `phone` bigint(20) DEFAULT NULL,
  `is_deleted` bit(1) DEFAULT b'0',
  PRIMARY KEY (`id`),
  UNIQUE KEY `email` (`email`),
  KEY `users_firstname_lastname_idx` (`firstname`,`lastname`)
) ENGINE=InnoDB AUTO_INCREMENT=101 DEFAULT CHARSET=utf8mb4 COLLATE=utf8mb4_unicode_ci;
/*!40101 SET character_set_client = @saved_cs_client */;

--
-- Dumping data for table `users`
--

LOCK TABLES `users` WRITE;
/*!40000 ALTER TABLE `users` DISABLE KEYS */;
INSERT INTO `users` VALUES (1,'Maryam','Champlin','edd.wisoky@example.org','882d6c4e3b6be4261cba53699f4430587d0300b1',0,''),(2,'Julia','Daniel','hane.gene@example.com','9207079f0e3f41d234ae98a9d168f819904e9684',869071,''),(3,'Dasia','Yost','candace43@example.net','c880affcb614802254a8c84dfdd6b2add24c3330',1,''),(4,'Myrtle','Jast','kiel62@example.com','89327a7d36447c60478ea3d06d593e90a49b709f',150,''),(5,'Icie','Rolfson','sebastian70@example.net','7ec7691201af1386981291e62dc403567178a149',0,'\0'),(6,'Ari','McClure','lacey57@example.org','b9706a17c9409d194b537d07c5f4c7cb0905653e',414720,''),(7,'Charlie','Conn','aiden.little@example.net','bad7f4eb49d386748dbf980d5736b95f8420aee1',1,''),(8,'Donnell','Barton','weldon.bailey@example.com','8e07b5502fc2de2db20c296eccd292ee88e8b152',85,''),(9,'Robb','Cremin','ewest@example.net','bd582a09debdda6feb922d8c10942f64d589ff76',1,'\0'),(10,'Gudrun','Cummings','ygrant@example.net','f7b1c16450fdda938eaf72d0721d8be55663fb5e',5891974466,'\0'),(11,'Briana','Adams','yolanda80@example.net','7707ba9fd0bdaff68200c1568f5a1192b049dd06',1,'\0'),(12,'Luigi','Stroman','cremin.danny@example.org','fede26f67d6707728426bb6880c92f1ca32738cc',845,''),(13,'Celine','Kiehn','rhagenes@example.net','860c7320f23e727322db26f0c8dc9236d40716da',207010,''),(14,'Roosevelt','Champlin','vallie.olson@example.com','17690f8b8201d3ec685845ff4c7f8e938792398a',827,''),(15,'Vern','Schuster','sherman90@example.org','b8cd209352f0fefbf729cb3cb4ec40401fa33a98',1,''),(16,'Herminia','Morar','vince28@example.org','c9c688bfaacc08b417a90bec545eb5cd42fae227',1,'\0'),(17,'Theodore','Bruen','ithompson@example.org','7d20292d94ac40812a061309196f62aee55208a9',714485,'\0'),(18,'Devonte','Rolfson','miguel.schuster@example.org','cb5598244bb919f16609082c0041f670ccc126ee',5128456220,'\0'),(19,'Emelie','Douglas','leonie.walter@example.net','c12ecf20acad1743c0234860dc9caf0f41c528cf',1,''),(20,'Olga','Zulauf','darrel.fay@example.net','99677791518d8956a5987e3e689e227d8d06959e',63,''),(21,'Dorothy','Collins','jeffertz@example.org','8bf30ebbf232cd4f1e572dffdac6507e9a28cfbd',964738,''),(22,'Sadie','Konopelski','gottlieb.cristobal@example.com','467c63dd4063268aeef2c584cbf1448e7db46c9b',1,'\0'),(23,'Toby','Haag','dschinner@example.org','dfe49d4d592211f91a1897966fc21c703f9d289b',0,'\0'),(24,'Adolph','Von','bergstrom.aaron@example.org','c4da496c3678303a1e3ca7d57a39fb15e0daf1d5',1,'\0'),(25,'Alanna','Kuvalis','sveum@example.com','9c73f91c2c6bf546fe192f9ba80906237a4e9795',0,''),(26,'Greyson','Bartell','scot99@example.com','4858cc7b6fb71b05b2b5c3ba8534e19a97fc22f2',0,'\0'),(27,'Hayley','O\'Conner','clint.ondricka@example.net','9d9e669d28946d12e00b604b4582d86b587d93ec',0,''),(28,'Kaylie','Schimmel','triston.block@example.com','84f2fa19ba0da529734c6540cb7f1ab18160eca4',85951,'\0'),(29,'Dawn','Grady','wkuphal@example.net','1b32cea2d397807cc33c4412bdbc29fff93debce',70,'\0'),(30,'Stephan','Toy','mcdermott.meda@example.com','138dbaf14c472b7474f1963d797b03323e599914',0,'\0'),(31,'Francisca','Robel','marjory19@example.com','0f512c5355911b2e99104dd7c8ec4fd14af71276',0,'\0'),(32,'Yasmeen','Reilly','sunny.crooks@example.com','da41ef2bfdbc79089115f1e225441152889e72c8',1,''),(33,'Carey','Legros','mona.johnson@example.net','ee10c8c4d53d7c4bd3b485e9eb104de93b04babd',628,'\0'),(34,'Lilliana','Jacobs','heidenreich.nettie@example.com','b5d1bfabff10dd485a79c6940f6a08c4c9b9002b',0,''),(35,'Fidel','Spencer','swift.lorenzo@example.com','ab17a733bc1b0b5b12ba263f9814bbdbbbbb7b1c',536769,'\0'),(36,'Trever','Corwin','matilda64@example.net','effb2ee0c20d28671ee6958ab0edf2ec194ee616',0,''),(37,'Don','Grady','cristian.kessler@example.com','a45eb89187095efa2723d6c30667ff9ca6525941',0,'\0'),(38,'Clovis','Okuneva','qstamm@example.org','ed0f139c21a319085b1eab0807675ade318032bc',1,'\0'),(39,'Fausto','Gusikowski','kassulke.keegan@example.net','d24190b04b34fcfbcb38c293e6b0651691e61205',0,'\0'),(40,'Prudence','Cassin','carmine.nienow@example.com','ef18c48ece775e56cfef406421c596bdee066343',1,'\0'),(41,'Naomie','Funk','sblanda@example.net','5f7cdc05ebb865800a2a1b39d2913b9939a3ff29',252797,'\0'),(42,'Hailee','Von','valtenwerth@example.net','9475d5d4904a0d2db1123dd1dc8c53f1cfb48868',1,''),(43,'Joseph','Kunze','ybecker@example.com','652e799a4caf29fe9ebe4f7b0038b2fdc1936a07',0,''),(44,'Kaycee','Murphy','gbotsford@example.com','bd7eaa53c5c809d5e4fe3e1019166743870e2489',159433,'\0'),(45,'Rafael','Brakus','udouglas@example.org','57e7118753398f3e348b25354c3f63d1cc1c633a',0,'\0'),(46,'Zola','Price','corkery.steve@example.com','d522c2d233d0cbfb71c6e2ae76bd1c408278d2d7',495,'\0'),(47,'Charlene','Rodriguez','conrad.douglas@example.net','5f1a7b77ad729b2aba272029c72db5ac007eb122',1,'\0'),(48,'Golda','VonRueden','edyth32@example.com','8e53d73ea15c94902d7c931f7517aef931548dbb',40,''),(49,'Charley','Upton','zzboncak@example.org','f4e56e4f8875a0788e93d13209356ab3b6f671f7',0,''),(50,'Jeanne','Bartoletti','snolan@example.org','36ec40f011901baae0ededd4c427e9bd09ec02bd',272373,''),(51,'Yvette','Roberts','hazel26@example.net','2b77112d14d66a4dc4befce9901fe8c5a7de55fe',1,''),(52,'Jasper','Koepp','sylvester.schultz@example.net','8385d5f38326125191a5ddc3d5225206d96bf79d',4983574568,''),(53,'Tess','Mante','zwilliamson@example.com','2dbbce16089df9cc94dec60231e1d6f4e5cad5f4',0,''),(54,'Ilene','Zboncak','bins.halle@example.org','234f735c1393c53035e656e889a939303a123849',0,'\0'),(55,'Vernie','Keeling','novella20@example.com','df3964542a210876ac8363d60fd6b094cabeb408',1,'\0'),(56,'Deion','Bogisich','willms.evalyn@example.net','2ec4bb5c0cad83dc0b77be02bcdc8dcac139fcdb',1,'\0'),(57,'Eileen','Schmeler','romaguera.donald@example.net','5fae94538728e0223636965a57daca881e7c4545',0,''),(58,'Maxie','Tillman','keaton.mcglynn@example.com','1625485d2bc58ccfaff593698b88ecd64cf4c62b',234,''),(59,'Carolina','McCullough','drosenbaum@example.com','89dda4ba0b49967afe4729cb6acdb0bdc41a610d',442,'\0'),(60,'Carmella','Wilderman','arutherford@example.net','929a498495a2d0efa5934802b729f6eaa7e060e2',891,'\0'),(61,'Adela','Rice','leannon.kariane@example.com','60167ccb5f625e6d0d6f90ead2f4eba8e866f5f4',690281,''),(62,'Alverta','Moore','vherzog@example.com','1a08d6b5fa14f8c551100cb2c3f0256e2bc3dbb7',19,'\0'),(63,'Savion','Roberts','shawna24@example.org','c2bc31432760458bdc037ddd6d6fceae03808743',0,''),(64,'Celine','Balistreri','sstrosin@example.net','da8124d9173f79043d79a3f117e4d92221329d36',1,''),(65,'Leann','Prosacco','erika.predovic@example.net','af63553813ed007f8ce62f685e7171567719a3bd',9294114206,''),(66,'Valerie','Kshlerin','muller.carlee@example.org','28d1c721aa5ee045547a2603a64a5ef53dee5f2b',1,'\0'),(67,'Odell','Barton','pfisher@example.com','4d08e4be55a00d7058a4b17c864300c2758fe6c0',587001,''),(68,'Franco','Funk','louisa66@example.com','51e60a975f9e55ea7532ebec60a203cfe179074d',306039,''),(69,'Cecilia','Glover','karianne32@example.com','df89fc46c59ed7b75afce1f0d3f285eea8c458c7',7286479445,'\0'),(70,'Marcelina','Dietrich','josiah.koss@example.org','d234477adb4d8a488ebee1fb34fe8d990699eab7',0,''),(71,'Alexandrea','Kilback','little.justus@example.net','b7e8920dfd0455ff072a1c11889081a0674d4222',863818,'\0'),(72,'Norris','Runolfsson','declan.larson@example.com','c14a147cc9f63a72f4706b573fc60e72cf0b22cd',2,''),(73,'Asha','Labadie','christ.runolfsdottir@example.com','5678bcefbf0d1ee125cb42cbcdd6fd4e1087eaef',5875394736,''),(74,'Amparo','Russel','eduardo.champlin@example.net','1cf557b2fa3a54f7868a4a0c65577d84e9a89f29',0,'\0'),(75,'Raven','Barton','green.nils@example.com','7b23af6969521ae47b2285980aee19c71820f542',1,'\0'),(76,'Kip','McClure','maud.sawayn@example.org','8cdde3a4953d6c449bf21968e5d288cfcccd866e',366061,'\0'),(77,'Hazel','Oberbrunner','pablo.grant@example.net','9d01633ac18c2ff03a96e7fd246eac769a5e6c5f',1,'\0'),(78,'Jeanie','Padberg','schaden.oscar@example.org','0cd24668744433667880b49e4c1b65942b6134e1',145,'\0'),(79,'Kenny','McClure','vonrueden.ayana@example.net','ffce53d2f96b8f8ef844eadb8d9cd46fe5d87a5d',937226,''),(80,'Misty','Beatty','pierre.greenholt@example.org','306017af7b8a557926ad4883c9683ac67f848273',346832,'\0'),(81,'Carol','Heller','dan.goodwin@example.net','0acbf59d6d678cd351b6a88cbcff5dc8fe849745',1,'\0'),(82,'Cordell','Bradtke','jamal.nikolaus@example.net','bc724ec0162484eda00e14a1644fe74c84bcada1',808,''),(83,'Raina','Hermiston','lew17@example.org','ded02ba97cce333a6da2bc511ac3f6a65dc0e494',0,''),(84,'Lavern','Ebert','douglas.raven@example.com','737737e9b6f3ff85b59d78d2eabc7163d63cd239',9329743742,'\0'),(85,'Delphia','Kling','giovanna.lesch@example.com','cb21cd181f8e40df426cae3ec6c61cf32503720e',0,'\0'),(86,'Simone','Schaden','elenora.ruecker@example.net','f160d8c9cd8d763b152302ae803519c1d502d1a6',771484,''),(87,'Stan','Moen','runolfsson.grayce@example.org','457993d4116a9997322432150721a71abb1b760f',242,''),(88,'Delia','Kilback','maximus81@example.net','fa1f0f8b1170f0c517bc3ad59712b448a0c8feac',391,'\0'),(89,'Izabella','Cruickshank','eliezer.douglas@example.com','2cbf54039603682ea39e9e67523393db56f533de',207,''),(90,'Marcelo','Collier','lockman.reilly@example.org','997ce4cf76bce845d22be6a000b594837101509b',1,'\0'),(91,'Elise','Wiza','cordia.heathcote@example.org','9571f7ac8414c4b02bb3d9d71fcef6b9980c06c0',114299,''),(92,'Danial','Johnson','rebert@example.net','36e830cabedfaae35c69eb101839d93581e67c0d',906,''),(93,'Loma','Flatley','annetta.spencer@example.org','38cf759857bbba0c022b2597265673cf8507d7d2',0,'\0'),(94,'Abigail','Nolan','evelyn.stokes@example.com','c835e229c39efa75f2a3ae474c044dc51bcc78a6',0,''),(95,'Autumn','Pouros','hosea09@example.org','8bd95dd0adda2e3042c5cbe9791c23a044045e0e',1,'\0'),(96,'Christa','Parker','beatty.franco@example.org','ed7fb01f1510cd4e2dac82dec7b2d0cd3d5e37b0',790,''),(97,'Marielle','Langworth','thaddeus.gorczany@example.com','6ea431ad3614b332668a42d7f30cc2ce5ad9f06d',0,''),(98,'Anika','Cormier','abshire.raheem@example.org','ed2619e491e6343f0043af667a0ea567ea7f7e33',29,'\0'),(99,'Brittany','Balistreri','lspinka@example.net','b866c25b0e7e7cdec3c507a488cdf2781984ff46',1,''),(100,'Lucienne','Ward','rodriguez.olin@example.net','d35ed58f606cd790cb7406a061651907af3476c2',747304,'');
/*!40000 ALTER TABLE `users` ENABLE KEYS */;
UNLOCK TABLES;

--
-- Table structure for table `users_adress`
--

DROP TABLE IF EXISTS `users_adress`;
/*!40101 SET @saved_cs_client     = @@character_set_client */;
/*!40101 SET character_set_client = utf8 */;
CREATE TABLE `users_adress` (
  `id` bigint(20) unsigned NOT NULL AUTO_INCREMENT,
  `adress` varchar(30) COLLATE utf8mb4_unicode_ci DEFAULT NULL,
  PRIMARY KEY (`id`),
  CONSTRAINT `users_adress_ibfk_1` FOREIGN KEY (`id`) REFERENCES `users` (`id`)
) ENGINE=InnoDB AUTO_INCREMENT=101 DEFAULT CHARSET=utf8mb4 COLLATE=utf8mb4_unicode_ci;
/*!40101 SET character_set_client = @saved_cs_client */;

--
-- Dumping data for table `users_adress`
--

LOCK TABLES `users_adress` WRITE;
/*!40000 ALTER TABLE `users_adress` DISABLE KEYS */;
INSERT INTO `users_adress` VALUES (1,'Vermont'),(2,'Wisconsin'),(3,'Vermont'),(4,'Oregon'),(5,'Idaho'),(6,'Louisiana'),(7,'Ohio'),(8,'Wyoming'),(9,'Alabama'),(10,'Missouri'),(11,'Minnesota'),(12,'California'),(13,'Connecticut'),(14,'Delaware'),(15,'NewYork'),(16,'Virginia'),(17,'Virginia'),(18,'Florida'),(19,'District of Columbia'),(20,'Wisconsin'),(21,'Alabama'),(22,'Maryland'),(23,'Wisconsin'),(24,'WestVirginia'),(25,'Wyoming'),(26,'SouthDakota'),(27,'Wisconsin'),(28,'Connecticut'),(29,'NorthDakota'),(30,'Montana'),(31,'Massachusetts'),(32,'Maryland'),(33,'Hawaii'),(34,'Mississippi'),(35,'Wyoming'),(36,'Delaware'),(37,'NorthDakota'),(38,'Texas'),(39,'Virginia'),(40,'Illinois'),(41,'Arkansas'),(42,'NorthCarolina'),(43,'Florida'),(44,'NorthDakota'),(45,'NorthCarolina'),(46,'Virginia'),(47,'Connecticut'),(48,'Alaska'),(49,'Mississippi'),(50,'Nebraska'),(51,'Idaho'),(52,'Colorado'),(53,'Indiana'),(54,'Alabama'),(55,'Virginia'),(56,'Hawaii'),(57,'Nevada'),(58,'Indiana'),(59,'Alabama'),(60,'Mississippi'),(61,'Arkansas'),(62,'Louisiana'),(63,'SouthDakota'),(64,'Utah'),(65,'Idaho'),(66,'Texas'),(67,'Colorado'),(68,'NewJersey'),(69,'Florida'),(70,'Utah'),(71,'Hawaii'),(72,'Alabama'),(73,'Indiana'),(74,'Florida'),(75,'Oregon'),(76,'Hawaii'),(77,'Minnesota'),(78,'California'),(79,'Wisconsin'),(80,'Oklahoma'),(81,'Wyoming'),(82,'NewYork'),(83,'Vermont'),(84,'Vermont'),(85,'Wyoming'),(86,'SouthCarolina'),(87,'Mississippi'),(88,'Utah'),(89,'Oklahoma'),(90,'Pennsylvania'),(91,'Kentucky'),(92,'Ohio'),(93,'SouthCarolina'),(94,'RhodeIsland'),(95,'Maryland'),(96,'Alaska'),(97,'Arkansas'),(98,'Montana'),(99,'Maryland'),(100,'Wisconsin');
/*!40000 ALTER TABLE `users_adress` ENABLE KEYS */;
UNLOCK TABLES;

--
-- Table structure for table `users_communities`
--

DROP TABLE IF EXISTS `users_communities`;
/*!40101 SET @saved_cs_client     = @@character_set_client */;
/*!40101 SET character_set_client = utf8 */;
CREATE TABLE `users_communities` (
  `user_id` bigint(20) unsigned NOT NULL,
  `community_id` bigint(20) unsigned NOT NULL,
  PRIMARY KEY (`user_id`,`community_id`),
  KEY `community_id` (`community_id`),
  CONSTRAINT `users_communities_ibfk_1` FOREIGN KEY (`user_id`) REFERENCES `users` (`id`) ON DELETE CASCADE ON UPDATE CASCADE,
  CONSTRAINT `users_communities_ibfk_2` FOREIGN KEY (`community_id`) REFERENCES `communities` (`id`) ON DELETE CASCADE ON UPDATE CASCADE
) ENGINE=InnoDB DEFAULT CHARSET=utf8mb4 COLLATE=utf8mb4_unicode_ci;
/*!40101 SET character_set_client = @saved_cs_client */;

--
-- Dumping data for table `users_communities`
--

LOCK TABLES `users_communities` WRITE;
/*!40000 ALTER TABLE `users_communities` DISABLE KEYS */;
INSERT INTO `users_communities` VALUES (1,1),(2,2),(3,3),(4,4),(5,5),(6,6),(7,7),(8,8),(9,9),(10,10),(11,11),(12,12),(13,13),(14,14),(15,15),(16,16),(17,17),(18,18),(19,19),(20,20),(21,21),(22,22),(23,23),(24,24),(25,25),(26,26),(27,27),(28,28),(29,29),(30,30),(31,31),(32,32),(33,33),(34,34),(35,35),(36,36),(37,37),(38,38),(39,39),(40,40),(41,41),(42,42),(43,43),(44,44),(45,45),(46,46),(47,47),(48,48),(49,49),(50,50),(51,51),(52,52),(53,53),(54,54),(55,55),(56,56),(57,57),(58,58),(59,59),(60,60),(61,61),(62,62),(63,63),(64,64),(65,65),(66,66),(67,67),(68,68),(69,69),(70,70),(71,71),(72,72),(73,73),(74,74),(75,75),(76,76),(77,77),(78,78),(79,79),(80,80),(81,81),(82,82),(83,83),(84,84),(85,85),(86,86),(87,87),(88,88),(89,89),(90,90),(91,91),(92,92),(93,93),(94,94),(95,95),(96,96),(97,97),(98,98),(99,99),(100,100);
/*!40000 ALTER TABLE `users_communities` ENABLE KEYS */;
UNLOCK TABLES;
/*!40103 SET TIME_ZONE=@OLD_TIME_ZONE */;

/*!40101 SET SQL_MODE=@OLD_SQL_MODE */;
/*!40014 SET FOREIGN_KEY_CHECKS=@OLD_FOREIGN_KEY_CHECKS */;
/*!40014 SET UNIQUE_CHECKS=@OLD_UNIQUE_CHECKS */;
/*!40101 SET CHARACTER_SET_CLIENT=@OLD_CHARACTER_SET_CLIENT */;
/*!40101 SET CHARACTER_SET_RESULTS=@OLD_CHARACTER_SET_RESULTS */;
/*!40101 SET COLLATION_CONNECTION=@OLD_COLLATION_CONNECTION */;
/*!40111 SET SQL_NOTES=@OLD_SQL_NOTES */;

-- Dump completed on 2021-12-25 15:48:09
